Hour_of_Year,Profile_Value
0,0.3
1,0.3
2,0.3
3,0.3
4,0.3
5,0.3
6,0.5
7,0.8999999999999999
8,0.7
9,0.3
10,0.3
11,0.3
12,0.3
13,0.3
14,0.3
15,0.3
16,0.3
17,0.7
18,0.8999999999999999
19,0.8999999999999999
20,0.8999999999999999
21,0.8999999999999999
22,0.5
23,0.3
24,0.3
25,0.3
26,0.3
27,0.3
28,0.3
29,0.3
30,0.5
31,0.8999999999999999
32,0.7
33,0.3
34,0.3
35,0.3
36,0.3
37,0.3
38,0.3
39,0.3
40,0.3
41,0.7
42,0.8999999999999999
43,0.8999999999999999
44,0.8999999999999999
45,0.8999999999999999
46,0.5
47,0.3
48,0.3
49,0.3
50,0.3
51,0.3
52,0.3
53,0.3
54,0.5
55,0.8999999999999999
56,0.7
57,0.3
58,0.3
59,0.3
60,0.3
61,0.3
62,0.3
63,0.3
64,0.3
65,0.7
66,0.8999999999999999
67,0.8999999999999999
68,0.8999999999999999
69,0.8999999999999999
70,0.5
71,0.3
72,0.3
73,0.3
74,0.3
75,0.3
76,0.3
77,0.3
78,0.5
79,0.8999999999999999
80,0.7
81,0.3
82,0.3
83,0.3
84,0.3
85,0.3
86,0.3
87,0.3
88,0.3
89,0.7
90,0.8999999999999999
91,0.8999999999999999
92,0.8999999999999999
93,0.8999999999999999
94,0.5
95,0.3
96,0.3
97,0.3
98,0.3
99,0.3
100,0.3
101,0.3
102,0.5
103,0.8999999999999999
104,0.7
105,0.3
106,0.3
107,0.3
108,0.3
109,0.3
110,0.3
111,0.3
112,0.3
113,0.7
114,0.8999999999999999
115,0.8999999999999999
116,0.8999999999999999
117,0.8999999999999999
118,0.5
119,0.3
120,0.3
121,0.3
122,0.3
123,0.3
124,0.3
125,0.3
126,0.5
127,0.5
128,0.3
129,0.6
130,0.6
131,0.6
132,0.6
133,0.6
134,0.6
135,0.6
136,0.6
137,0.6
138,0.8
139,0.8
140,0.8
141,0.8
142,0.8
143,0.3
144,0.3
145,0.3
146,0.3
147,0.3
148,0.3
149,0.3
150,0.5
151,0.5
152,0.3
153,0.6
154,0.6
155,0.6
156,0.6
157,0.6
158,0.6
159,0.6
160,0.6
161,0.6
162,0.8
163,0.8
164,0.8
165,0.8
166,0.8
167,0.3
168,0.3
169,0.3
170,0.3
171,0.3
172,0.3
173,0.3
174,0.5
175,0.8999999999999999
176,0.7
177,0.3
178,0.3
179,0.3
180,0.3
181,0.3
182,0.3
183,0.3
184,0.3
185,0.7
186,0.8999999999999999
187,0.8999999999999999
188,0.8999999999999999
189,0.8999999999999999
190,0.5
191,0.3
192,0.3
193,0.3
194,0.3
195,0.3
196,0.3
197,0.3
198,0.5
199,0.8999999999999999
200,0.7
201,0.3
202,0.3
203,0.3
204,0.3
205,0.3
206,0.3
207,0.3
208,0.3
209,0.7
210,0.8999999999999999
211,0.8999999999999999
212,0.8999999999999999
213,0.8999999999999999
214,0.5
215,0.3
216,0.3
217,0.3
218,0.3
219,0.3
220,0.3
221,0.3
222,0.5
223,0.8999999999999999
224,0.7
225,0.3
226,0.3
227,0.3
228,0.3
229,0.3
230,0.3
231,0.3
232,0.3
233,0.7
234,0.8999999999999999
235,0.8999999999999999
236,0.8999999999999999
237,0.8999999999999999
238,0.5
239,0.3
240,0.3
241,0.3
242,0.3
243,0.3
244,0.3
245,0.3
246,0.5
247,0.8999999999999999
248,0.7
249,0.3
250,0.3
251,0.3
252,0.3
253,0.3
254,0.3
255,0.3
256,0.3
257,0.7
258,0.8999999999999999
259,0.8999999999999999
260,0.8999999999999999
261,0.8999999999999999
262,0.5
263,0.3
264,0.3
265,0.3
266,0.3
267,0.3
268,0.3
269,0.3
270,0.5
271,0.8999999999999999
272,0.7
273,0.3
274,0.3
275,0.3
276,0.3
277,0.3
278,0.3
279,0.3
280,0.3
281,0.7
282,0.8999999999999999
283,0.8999999999999999
284,0.8999999999999999
285,0.8999999999999999
286,0.5
287,0.3
288,0.3
289,0.3
290,0.3
291,0.3
292,0.3
293,0.3
294,0.5
295,0.5
296,0.3
297,0.6
298,0.6
299,0.6
300,0.6
301,0.6
302,0.6
303,0.6
304,0.6
305,0.6
306,0.8
307,0.8
308,0.8
309,0.8
310,0.8
311,0.3
312,0.3
313,0.3
314,0.3
315,0.3
316,0.3
317,0.3
318,0.5
319,0.5
320,0.3
321,0.6
322,0.6
323,0.6
324,0.6
325,0.6
326,0.6
327,0.6
328,0.6
329,0.6
330,0.8
331,0.8
332,0.8
333,0.8
334,0.8
335,0.3
336,0.3
337,0.3
338,0.3
339,0.3
340,0.3
341,0.3
342,0.5
343,0.8999999999999999
344,0.7
345,0.3
346,0.3
347,0.3
348,0.3
349,0.3
350,0.3
351,0.3
352,0.3
353,0.7
354,0.8999999999999999
355,0.8999999999999999
356,0.8999999999999999
357,0.8999999999999999
358,0.5
359,0.3
360,0.3
361,0.3
362,0.3
363,0.3
364,0.3
365,0.3
366,0.5
367,0.8999999999999999
368,0.7
369,0.3
370,0.3
371,0.3
372,0.3
373,0.3
374,0.3
375,0.3
376,0.3
377,0.7
378,0.8999999999999999
379,0.8999999999999999
380,0.8999999999999999
381,0.8999999999999999
382,0.5
383,0.3
384,0.3
385,0.3
386,0.3
387,0.3
388,0.3
389,0.3
390,0.5
391,0.8999999999999999
392,0.7
393,0.3
394,0.3
395,0.3
396,0.3
397,0.3
398,0.3
399,0.3
400,0.3
401,0.7
402,0.8999999999999999
403,0.8999999999999999
404,0.8999999999999999
405,0.8999999999999999
406,0.5
407,0.3
408,0.3
409,0.3
410,0.3
411,0.3
412,0.3
413,0.3
414,0.5
415,0.8999999999999999
416,0.7
417,0.3
418,0.3
419,0.3
420,0.3
421,0.3
422,0.3
423,0.3
424,0.3
425,0.7
426,0.8999999999999999
427,0.8999999999999999
428,0.8999999999999999
429,0.8999999999999999
430,0.5
431,0.3
432,0.3
433,0.3
434,0.3
435,0.3
436,0.3
437,0.3
438,0.5
439,0.8999999999999999
440,0.7
441,0.3
442,0.3
443,0.3
444,0.3
445,0.3
446,0.3
447,0.3
448,0.3
449,0.7
450,0.8999999999999999
451,0.8999999999999999
452,0.8999999999999999
453,0.8999999999999999
454,0.5
455,0.3
456,0.3
457,0.3
458,0.3
459,0.3
460,0.3
461,0.3
462,0.5
463,0.5
464,0.3
465,0.6
466,0.6
467,0.6
468,0.6
469,0.6
470,0.6
471,0.6
472,0.6
473,0.6
474,0.8
475,0.8
476,0.8
477,0.8
478,0.8
479,0.3
480,0.3
481,0.3
482,0.3
483,0.3
484,0.3
485,0.3
486,0.5
487,0.5
488,0.3
489,0.6
490,0.6
491,0.6
492,0.6
493,0.6
494,0.6
495,0.6
496,0.6
497,0.6
498,0.8
499,0.8
500,0.8
501,0.8
502,0.8
503,0.3
504,0.3
505,0.3
506,0.3
507,0.3
508,0.3
509,0.3
510,0.5
511,0.8999999999999999
512,0.7
513,0.3
514,0.3
515,0.3
516,0.3
517,0.3
518,0.3
519,0.3
520,0.3
521,0.7
522,0.8999999999999999
523,0.8999999999999999
524,0.8999999999999999
525,0.8999999999999999
526,0.5
527,0.3
528,0.3
529,0.3
530,0.3
531,0.3
532,0.3
533,0.3
534,0.5
535,0.8999999999999999
536,0.7
537,0.3
538,0.3
539,0.3
540,0.3
541,0.3
542,0.3
543,0.3
544,0.3
545,0.7
546,0.8999999999999999
547,0.8999999999999999
548,0.8999999999999999
549,0.8999999999999999
550,0.5
551,0.3
552,0.3
553,0.3
554,0.3
555,0.3
556,0.3
557,0.3
558,0.5
559,0.8999999999999999
560,0.7
561,0.3
562,0.3
563,0.3
564,0.3
565,0.3
566,0.3
567,0.3
568,0.3
569,0.7
570,0.8999999999999999
571,0.8999999999999999
572,0.8999999999999999
573,0.8999999999999999
574,0.5
575,0.3
576,0.3
577,0.3
578,0.3
579,0.3
580,0.3
581,0.3
582,0.5
583,0.8999999999999999
584,0.7
585,0.3
586,0.3
587,0.3
588,0.3
589,0.3
590,0.3
591,0.3
592,0.3
593,0.7
594,0.8999999999999999
595,0.8999999999999999
596,0.8999999999999999
597,0.8999999999999999
598,0.5
599,0.3
600,0.3
601,0.3
602,0.3
603,0.3
604,0.3
605,0.3
606,0.5
607,0.8999999999999999
608,0.7
609,0.3
610,0.3
611,0.3
612,0.3
613,0.3
614,0.3
615,0.3
616,0.3
617,0.7
618,0.8999999999999999
619,0.8999999999999999
620,0.8999999999999999
621,0.8999999999999999
622,0.5
623,0.3
624,0.3
625,0.3
626,0.3
627,0.3
628,0.3
629,0.3
630,0.5
631,0.5
632,0.3
633,0.6
634,0.6
635,0.6
636,0.6
637,0.6
638,0.6
639,0.6
640,0.6
641,0.6
642,0.8
643,0.8
644,0.8
645,0.8
646,0.8
647,0.3
648,0.3
649,0.3
650,0.3
651,0.3
652,0.3
653,0.3
654,0.5
655,0.5
656,0.3
657,0.6
658,0.6
659,0.6
660,0.6
661,0.6
662,0.6
663,0.6
664,0.6
665,0.6
666,0.8
667,0.8
668,0.8
669,0.8
670,0.8
671,0.3
672,0.3
673,0.3
674,0.3
675,0.3
676,0.3
677,0.3
678,0.5
679,0.8999999999999999
680,0.7
681,0.3
682,0.3
683,0.3
684,0.3
685,0.3
686,0.3
687,0.3
688,0.3
689,0.7
690,0.8999999999999999
691,0.8999999999999999
692,0.8999999999999999
693,0.8999999999999999
694,0.5
695,0.3
696,0.3
697,0.3
698,0.3
699,0.3
700,0.3
701,0.3
702,0.5
703,0.8999999999999999
704,0.7
705,0.3
706,0.3
707,0.3
708,0.3
709,0.3
710,0.3
711,0.3
712,0.3
713,0.7
714,0.8999999999999999
715,0.8999999999999999
716,0.8999999999999999
717,0.8999999999999999
718,0.5
719,0.3
720,0.3
721,0.3
722,0.3
723,0.3
724,0.3
725,0.3
726,0.5
727,0.8999999999999999
728,0.7
729,0.3
730,0.3
731,0.3
732,0.3
733,0.3
734,0.3
735,0.3
736,0.3
737,0.7
738,0.8999999999999999
739,0.8999999999999999
740,0.8999999999999999
741,0.8999999999999999
742,0.5
743,0.3
744,0.3
745,0.3
746,0.3
747,0.3
748,0.3
749,0.3
750,0.5
751,0.8999999999999999
752,0.7
753,0.3
754,0.3
755,0.3
756,0.3
757,0.3
758,0.3
759,0.3
760,0.3
761,0.7
762,0.8999999999999999
763,0.8999999999999999
764,0.8999999999999999
765,0.8999999999999999
766,0.5
767,0.3
768,0.3
769,0.3
770,0.3
771,0.3
772,0.3
773,0.3
774,0.5
775,0.8999999999999999
776,0.7
777,0.3
778,0.3
779,0.3
780,0.3
781,0.3
782,0.3
783,0.3
784,0.3
785,0.7
786,0.8999999999999999
787,0.8999999999999999
788,0.8999999999999999
789,0.8999999999999999
790,0.5
791,0.3
792,0.3
793,0.3
794,0.3
795,0.3
796,0.3
797,0.3
798,0.5
799,0.5
800,0.3
801,0.6
802,0.6
803,0.6
804,0.6
805,0.6
806,0.6
807,0.6
808,0.6
809,0.6
810,0.8
811,0.8
812,0.8
813,0.8
814,0.8
815,0.3
816,0.3
817,0.3
818,0.3
819,0.3
820,0.3
821,0.3
822,0.5
823,0.5
824,0.3
825,0.6
826,0.6
827,0.6
828,0.6
829,0.6
830,0.6
831,0.6
832,0.6
833,0.6
834,0.8
835,0.8
836,0.8
837,0.8
838,0.8
839,0.3
840,0.3
841,0.3
842,0.3
843,0.3
844,0.3
845,0.3
846,0.5
847,0.8999999999999999
848,0.7
849,0.3
850,0.3
851,0.3
852,0.3
853,0.3
854,0.3
855,0.3
856,0.3
857,0.7
858,0.8999999999999999
859,0.8999999999999999
860,0.8999999999999999
861,0.8999999999999999
862,0.5
863,0.3
864,0.3
865,0.3
866,0.3
867,0.3
868,0.3
869,0.3
870,0.5
871,0.8999999999999999
872,0.7
873,0.3
874,0.3
875,0.3
876,0.3
877,0.3
878,0.3
879,0.3
880,0.3
881,0.7
882,0.8999999999999999
883,0.8999999999999999
884,0.8999999999999999
885,0.8999999999999999
886,0.5
887,0.3
888,0.3
889,0.3
890,0.3
891,0.3
892,0.3
893,0.3
894,0.5
895,0.8999999999999999
896,0.7
897,0.3
898,0.3
899,0.3
900,0.3
901,0.3
902,0.3
903,0.3
904,0.3
905,0.7
906,0.8999999999999999
907,0.8999999999999999
908,0.8999999999999999
909,0.8999999999999999
910,0.5
911,0.3
912,0.3
913,0.3
914,0.3
915,0.3
916,0.3
917,0.3
918,0.5
919,0.8999999999999999
920,0.7
921,0.3
922,0.3
923,0.3
924,0.3
925,0.3
926,0.3
927,0.3
928,0.3
929,0.7
930,0.8999999999999999
931,0.8999999999999999
932,0.8999999999999999
933,0.8999999999999999
934,0.5
935,0.3
936,0.3
937,0.3
938,0.3
939,0.3
940,0.3
941,0.3
942,0.5
943,0.8999999999999999
944,0.7
945,0.3
946,0.3
947,0.3
948,0.3
949,0.3
950,0.3
951,0.3
952,0.3
953,0.7
954,0.8999999999999999
955,0.8999999999999999
956,0.8999999999999999
957,0.8999999999999999
958,0.5
959,0.3
960,0.3
961,0.3
962,0.3
963,0.3
964,0.3
965,0.3
966,0.5
967,0.5
968,0.3
969,0.6
970,0.6
971,0.6
972,0.6
973,0.6
974,0.6
975,0.6
976,0.6
977,0.6
978,0.8
979,0.8
980,0.8
981,0.8
982,0.8
983,0.3
984,0.3
985,0.3
986,0.3
987,0.3
988,0.3
989,0.3
990,0.5
991,0.5
992,0.3
993,0.6
994,0.6
995,0.6
996,0.6
997,0.6
998,0.6
999,0.6
1000,0.6
1001,0.6
1002,0.8
1003,0.8
1004,0.8
1005,0.8
1006,0.8
1007,0.3
1008,0.3
1009,0.3
1010,0.3
1011,0.3
1012,0.3
1013,0.3
1014,0.5
1015,0.8999999999999999
1016,0.7
1017,0.3
1018,0.3
1019,0.3
1020,0.3
1021,0.3
1022,0.3
1023,0.3
1024,0.3
1025,0.7
1026,0.8999999999999999
1027,0.8999999999999999
1028,0.8999999999999999
1029,0.8999999999999999
1030,0.5
1031,0.3
1032,0.3
1033,0.3
1034,0.3
1035,0.3
1036,0.3
1037,0.3
1038,0.5
1039,0.8999999999999999
1040,0.7
1041,0.3
1042,0.3
1043,0.3
1044,0.3
1045,0.3
1046,0.3
1047,0.3
1048,0.3
1049,0.7
1050,0.8999999999999999
1051,0.8999999999999999
1052,0.8999999999999999
1053,0.8999999999999999
1054,0.5
1055,0.3
1056,0.3
1057,0.3
1058,0.3
1059,0.3
1060,0.3
1061,0.3
1062,0.5
1063,0.8999999999999999
1064,0.7
1065,0.3
1066,0.3
1067,0.3
1068,0.3
1069,0.3
1070,0.3
1071,0.3
1072,0.3
1073,0.7
1074,0.8999999999999999
1075,0.8999999999999999
1076,0.8999999999999999
1077,0.8999999999999999
1078,0.5
1079,0.3
1080,0.3
1081,0.3
1082,0.3
1083,0.3
1084,0.3
1085,0.3
1086,0.5
1087,0.8999999999999999
1088,0.7
1089,0.3
1090,0.3
1091,0.3
1092,0.3
1093,0.3
1094,0.3
1095,0.3
1096,0.3
1097,0.7
1098,0.8999999999999999
1099,0.8999999999999999
1100,0.8999999999999999
1101,0.8999999999999999
1102,0.5
1103,0.3
1104,0.3
1105,0.3
1106,0.3
1107,0.3
1108,0.3
1109,0.3
1110,0.5
1111,0.8999999999999999
1112,0.7
1113,0.3
1114,0.3
1115,0.3
1116,0.3
1117,0.3
1118,0.3
1119,0.3
1120,0.3
1121,0.7
1122,0.8999999999999999
1123,0.8999999999999999
1124,0.8999999999999999
1125,0.8999999999999999
1126,0.5
1127,0.3
1128,0.3
1129,0.3
1130,0.3
1131,0.3
1132,0.3
1133,0.3
1134,0.5
1135,0.5
1136,0.3
1137,0.6
1138,0.6
1139,0.6
1140,0.6
1141,0.6
1142,0.6
1143,0.6
1144,0.6
1145,0.6
1146,0.8
1147,0.8
1148,0.8
1149,0.8
1150,0.8
1151,0.3
1152,0.3
1153,0.3
1154,0.3
1155,0.3
1156,0.3
1157,0.3
1158,0.5
1159,0.5
1160,0.3
1161,0.6
1162,0.6
1163,0.6
1164,0.6
1165,0.6
1166,0.6
1167,0.6
1168,0.6
1169,0.6
1170,0.8
1171,0.8
1172,0.8
1173,0.8
1174,0.8
1175,0.3
1176,0.3
1177,0.3
1178,0.3
1179,0.3
1180,0.3
1181,0.3
1182,0.5
1183,0.8999999999999999
1184,0.7
1185,0.3
1186,0.3
1187,0.3
1188,0.3
1189,0.3
1190,0.3
1191,0.3
1192,0.3
1193,0.7
1194,0.8999999999999999
1195,0.8999999999999999
1196,0.8999999999999999
1197,0.8999999999999999
1198,0.5
1199,0.3
1200,0.3
1201,0.3
1202,0.3
1203,0.3
1204,0.3
1205,0.3
1206,0.5
1207,0.8999999999999999
1208,0.7
1209,0.3
1210,0.3
1211,0.3
1212,0.3
1213,0.3
1214,0.3
1215,0.3
1216,0.3
1217,0.7
1218,0.8999999999999999
1219,0.8999999999999999
1220,0.8999999999999999
1221,0.8999999999999999
1222,0.5
1223,0.3
1224,0.3
1225,0.3
1226,0.3
1227,0.3
1228,0.3
1229,0.3
1230,0.5
1231,0.8999999999999999
1232,0.7
1233,0.3
1234,0.3
1235,0.3
1236,0.3
1237,0.3
1238,0.3
1239,0.3
1240,0.3
1241,0.7
1242,0.8999999999999999
1243,0.8999999999999999
1244,0.8999999999999999
1245,0.8999999999999999
1246,0.5
1247,0.3
1248,0.3
1249,0.3
1250,0.3
1251,0.3
1252,0.3
1253,0.3
1254,0.5
1255,0.8999999999999999
1256,0.7
1257,0.3
1258,0.3
1259,0.3
1260,0.3
1261,0.3
1262,0.3
1263,0.3
1264,0.3
1265,0.7
1266,0.8999999999999999
1267,0.8999999999999999
1268,0.8999999999999999
1269,0.8999999999999999
1270,0.5
1271,0.3
1272,0.3
1273,0.3
1274,0.3
1275,0.3
1276,0.3
1277,0.3
1278,0.5
1279,0.8999999999999999
1280,0.7
1281,0.3
1282,0.3
1283,0.3
1284,0.3
1285,0.3
1286,0.3
1287,0.3
1288,0.3
1289,0.7
1290,0.8999999999999999
1291,0.8999999999999999
1292,0.8999999999999999
1293,0.8999999999999999
1294,0.5
1295,0.3
1296,0.3
1297,0.3
1298,0.3
1299,0.3
1300,0.3
1301,0.3
1302,0.5
1303,0.5
1304,0.3
1305,0.6
1306,0.6
1307,0.6
1308,0.6
1309,0.6
1310,0.6
1311,0.6
1312,0.6
1313,0.6
1314,0.8
1315,0.8
1316,0.8
1317,0.8
1318,0.8
1319,0.3
1320,0.3
1321,0.3
1322,0.3
1323,0.3
1324,0.3
1325,0.3
1326,0.5
1327,0.5
1328,0.3
1329,0.6
1330,0.6
1331,0.6
1332,0.6
1333,0.6
1334,0.6
1335,0.6
1336,0.6
1337,0.6
1338,0.8
1339,0.8
1340,0.8
1341,0.8
1342,0.8
1343,0.3
1344,0.3
1345,0.3
1346,0.3
1347,0.3
1348,0.3
1349,0.3
1350,0.5
1351,0.8999999999999999
1352,0.7
1353,0.3
1354,0.3
1355,0.3
1356,0.3
1357,0.3
1358,0.3
1359,0.3
1360,0.3
1361,0.7
1362,0.8999999999999999
1363,0.8999999999999999
1364,0.8999999999999999
1365,0.8999999999999999
1366,0.5
1367,0.3
1368,0.3
1369,0.3
1370,0.3
1371,0.3
1372,0.3
1373,0.3
1374,0.5
1375,0.8999999999999999
1376,0.7
1377,0.3
1378,0.3
1379,0.3
1380,0.3
1381,0.3
1382,0.3
1383,0.3
1384,0.3
1385,0.7
1386,0.8999999999999999
1387,0.8999999999999999
1388,0.8999999999999999
1389,0.8999999999999999
1390,0.5
1391,0.3
1392,0.3
1393,0.3
1394,0.3
1395,0.3
1396,0.3
1397,0.3
1398,0.5
1399,0.8999999999999999
1400,0.7
1401,0.3
1402,0.3
1403,0.3
1404,0.3
1405,0.3
1406,0.3
1407,0.3
1408,0.3
1409,0.7
1410,0.8999999999999999
1411,0.8999999999999999
1412,0.8999999999999999
1413,0.8999999999999999
1414,0.5
1415,0.3
1416,0.3
1417,0.3
1418,0.3
1419,0.3
1420,0.3
1421,0.3
1422,0.5
1423,0.8999999999999999
1424,0.7
1425,0.3
1426,0.3
1427,0.3
1428,0.3
1429,0.3
1430,0.3
1431,0.3
1432,0.3
1433,0.7
1434,0.8999999999999999
1435,0.8999999999999999
1436,0.8999999999999999
1437,0.8999999999999999
1438,0.5
1439,0.3
1440,0.3
1441,0.3
1442,0.3
1443,0.3
1444,0.3
1445,0.3
1446,0.5
1447,0.8999999999999999
1448,0.7
1449,0.3
1450,0.3
1451,0.3
1452,0.3
1453,0.3
1454,0.3
1455,0.3
1456,0.3
1457,0.7
1458,0.8999999999999999
1459,0.8999999999999999
1460,0.8999999999999999
1461,0.8999999999999999
1462,0.5
1463,0.3
1464,0.3
1465,0.3
1466,0.3
1467,0.3
1468,0.3
1469,0.3
1470,0.5
1471,0.5
1472,0.3
1473,0.6
1474,0.6
1475,0.6
1476,0.6
1477,0.6
1478,0.6
1479,0.6
1480,0.6
1481,0.6
1482,0.8
1483,0.8
1484,0.8
1485,0.8
1486,0.8
1487,0.3
1488,0.3
1489,0.3
1490,0.3
1491,0.3
1492,0.3
1493,0.3
1494,0.5
1495,0.5
1496,0.3
1497,0.6
1498,0.6
1499,0.6
1500,0.6
1501,0.6
1502,0.6
1503,0.6
1504,0.6
1505,0.6
1506,0.8
1507,0.8
1508,0.8
1509,0.8
1510,0.8
1511,0.3
1512,0.3
1513,0.3
1514,0.3
1515,0.3
1516,0.3
1517,0.3
1518,0.5
1519,0.8999999999999999
1520,0.7
1521,0.3
1522,0.3
1523,0.3
1524,0.3
1525,0.3
1526,0.3
1527,0.3
1528,0.3
1529,0.7
1530,0.8999999999999999
1531,0.8999999999999999
1532,0.8999999999999999
1533,0.8999999999999999
1534,0.5
1535,0.3
1536,0.3
1537,0.3
1538,0.3
1539,0.3
1540,0.3
1541,0.3
1542,0.5
1543,0.8999999999999999
1544,0.7
1545,0.3
1546,0.3
1547,0.3
1548,0.3
1549,0.3
1550,0.3
1551,0.3
1552,0.3
1553,0.7
1554,0.8999999999999999
1555,0.8999999999999999
1556,0.8999999999999999
1557,0.8999999999999999
1558,0.5
1559,0.3
1560,0.3
1561,0.3
1562,0.3
1563,0.3
1564,0.3
1565,0.3
1566,0.5
1567,0.8999999999999999
1568,0.7
1569,0.3
1570,0.3
1571,0.3
1572,0.3
1573,0.3
1574,0.3
1575,0.3
1576,0.3
1577,0.7
1578,0.8999999999999999
1579,0.8999999999999999
1580,0.8999999999999999
1581,0.8999999999999999
1582,0.5
1583,0.3
1584,0.3
1585,0.3
1586,0.3
1587,0.3
1588,0.3
1589,0.3
1590,0.5
1591,0.8999999999999999
1592,0.7
1593,0.3
1594,0.3
1595,0.3
1596,0.3
1597,0.3
1598,0.3
1599,0.3
1600,0.3
1601,0.7
1602,0.8999999999999999
1603,0.8999999999999999
1604,0.8999999999999999
1605,0.8999999999999999
1606,0.5
1607,0.3
1608,0.3
1609,0.3
1610,0.3
1611,0.3
1612,0.3
1613,0.3
1614,0.5
1615,0.8999999999999999
1616,0.7
1617,0.3
1618,0.3
1619,0.3
1620,0.3
1621,0.3
1622,0.3
1623,0.3
1624,0.3
1625,0.7
1626,0.8999999999999999
1627,0.8999999999999999
1628,0.8999999999999999
1629,0.8999999999999999
1630,0.5
1631,0.3
1632,0.3
1633,0.3
1634,0.3
1635,0.3
1636,0.3
1637,0.3
1638,0.5
1639,0.5
1640,0.3
1641,0.6
1642,0.6
1643,0.6
1644,0.6
1645,0.6
1646,0.6
1647,0.6
1648,0.6
1649,0.6
1650,0.8
1651,0.8
1652,0.8
1653,0.8
1654,0.8
1655,0.3
1656,0.3
1657,0.3
1658,0.3
1659,0.3
1660,0.3
1661,0.3
1662,0.5
1663,0.5
1664,0.3
1665,0.6
1666,0.6
1667,0.6
1668,0.6
1669,0.6
1670,0.6
1671,0.6
1672,0.6
1673,0.6
1674,0.8
1675,0.8
1676,0.8
1677,0.8
1678,0.8
1679,0.3
1680,0.3
1681,0.3
1682,0.3
1683,0.3
1684,0.3
1685,0.3
1686,0.5
1687,0.8999999999999999
1688,0.7
1689,0.3
1690,0.3
1691,0.3
1692,0.3
1693,0.3
1694,0.3
1695,0.3
1696,0.3
1697,0.7
1698,0.8999999999999999
1699,0.8999999999999999
1700,0.8999999999999999
1701,0.8999999999999999
1702,0.5
1703,0.3
1704,0.3
1705,0.3
1706,0.3
1707,0.3
1708,0.3
1709,0.3
1710,0.5
1711,0.8999999999999999
1712,0.7
1713,0.3
1714,0.3
1715,0.3
1716,0.3
1717,0.3
1718,0.3
1719,0.3
1720,0.3
1721,0.7
1722,0.8999999999999999
1723,0.8999999999999999
1724,0.8999999999999999
1725,0.8999999999999999
1726,0.5
1727,0.3
1728,0.3
1729,0.3
1730,0.3
1731,0.3
1732,0.3
1733,0.3
1734,0.5
1735,0.8999999999999999
1736,0.7
1737,0.3
1738,0.3
1739,0.3
1740,0.3
1741,0.3
1742,0.3
1743,0.3
1744,0.3
1745,0.7
1746,0.8999999999999999
1747,0.8999999999999999
1748,0.8999999999999999
1749,0.8999999999999999
1750,0.5
1751,0.3
1752,0.3
1753,0.3
1754,0.3
1755,0.3
1756,0.3
1757,0.3
1758,0.5
1759,0.8999999999999999
1760,0.7
1761,0.3
1762,0.3
1763,0.3
1764,0.3
1765,0.3
1766,0.3
1767,0.3
1768,0.3
1769,0.7
1770,0.8999999999999999
1771,0.8999999999999999
1772,0.8999999999999999
1773,0.8999999999999999
1774,0.5
1775,0.3
1776,0.3
1777,0.3
1778,0.3
1779,0.3
1780,0.3
1781,0.3
1782,0.5
1783,0.8999999999999999
1784,0.7
1785,0.3
1786,0.3
1787,0.3
1788,0.3
1789,0.3
1790,0.3
1791,0.3
1792,0.3
1793,0.7
1794,0.8999999999999999
1795,0.8999999999999999
1796,0.8999999999999999
1797,0.8999999999999999
1798,0.5
1799,0.3
1800,0.3
1801,0.3
1802,0.3
1803,0.3
1804,0.3
1805,0.3
1806,0.5
1807,0.5
1808,0.3
1809,0.6
1810,0.6
1811,0.6
1812,0.6
1813,0.6
1814,0.6
1815,0.6
1816,0.6
1817,0.6
1818,0.8
1819,0.8
1820,0.8
1821,0.8
1822,0.8
1823,0.3
1824,0.3
1825,0.3
1826,0.3
1827,0.3
1828,0.3
1829,0.3
1830,0.5
1831,0.5
1832,0.3
1833,0.6
1834,0.6
1835,0.6
1836,0.6
1837,0.6
1838,0.6
1839,0.6
1840,0.6
1841,0.6
1842,0.8
1843,0.8
1844,0.8
1845,0.8
1846,0.8
1847,0.3
1848,0.3
1849,0.3
1850,0.3
1851,0.3
1852,0.3
1853,0.3
1854,0.5
1855,0.8999999999999999
1856,0.7
1857,0.3
1858,0.3
1859,0.3
1860,0.3
1861,0.3
1862,0.3
1863,0.3
1864,0.3
1865,0.7
1866,0.8999999999999999
1867,0.8999999999999999
1868,0.8999999999999999
1869,0.8999999999999999
1870,0.5
1871,0.3
1872,0.3
1873,0.3
1874,0.3
1875,0.3
1876,0.3
1877,0.3
1878,0.5
1879,0.8999999999999999
1880,0.7
1881,0.3
1882,0.3
1883,0.3
1884,0.3
1885,0.3
1886,0.3
1887,0.3
1888,0.3
1889,0.7
1890,0.8999999999999999
1891,0.8999999999999999
1892,0.8999999999999999
1893,0.8999999999999999
1894,0.5
1895,0.3
1896,0.3
1897,0.3
1898,0.3
1899,0.3
1900,0.3
1901,0.3
1902,0.5
1903,0.8999999999999999
1904,0.7
1905,0.3
1906,0.3
1907,0.3
1908,0.3
1909,0.3
1910,0.3
1911,0.3
1912,0.3
1913,0.7
1914,0.8999999999999999
1915,0.8999999999999999
1916,0.8999999999999999
1917,0.8999999999999999
1918,0.5
1919,0.3
1920,0.3
1921,0.3
1922,0.3
1923,0.3
1924,0.3
1925,0.3
1926,0.5
1927,0.8999999999999999
1928,0.7
1929,0.3
1930,0.3
1931,0.3
1932,0.3
1933,0.3
1934,0.3
1935,0.3
1936,0.3
1937,0.7
1938,0.8999999999999999
1939,0.8999999999999999
1940,0.8999999999999999
1941,0.8999999999999999
1942,0.5
1943,0.3
1944,0.3
1945,0.3
1946,0.3
1947,0.3
1948,0.3
1949,0.3
1950,0.5
1951,0.8999999999999999
1952,0.7
1953,0.3
1954,0.3
1955,0.3
1956,0.3
1957,0.3
1958,0.3
1959,0.3
1960,0.3
1961,0.7
1962,0.8999999999999999
1963,0.8999999999999999
1964,0.8999999999999999
1965,0.8999999999999999
1966,0.5
1967,0.3
1968,0.3
1969,0.3
1970,0.3
1971,0.3
1972,0.3
1973,0.3
1974,0.5
1975,0.5
1976,0.3
1977,0.6
1978,0.6
1979,0.6
1980,0.6
1981,0.6
1982,0.6
1983,0.6
1984,0.6
1985,0.6
1986,0.8
1987,0.8
1988,0.8
1989,0.8
1990,0.8
1991,0.3
1992,0.3
1993,0.3
1994,0.3
1995,0.3
1996,0.3
1997,0.3
1998,0.5
1999,0.5
2000,0.3
2001,0.6
2002,0.6
2003,0.6
2004,0.6
2005,0.6
2006,0.6
2007,0.6
2008,0.6
2009,0.6
2010,0.8
2011,0.8
2012,0.8
2013,0.8
2014,0.8
2015,0.3
2016,0.3
2017,0.3
2018,0.3
2019,0.3
2020,0.3
2021,0.3
2022,0.5
2023,0.8999999999999999
2024,0.7
2025,0.3
2026,0.3
2027,0.3
2028,0.3
2029,0.3
2030,0.3
2031,0.3
2032,0.3
2033,0.7
2034,0.8999999999999999
2035,0.8999999999999999
2036,0.8999999999999999
2037,0.8999999999999999
2038,0.5
2039,0.3
2040,0.3
2041,0.3
2042,0.3
2043,0.3
2044,0.3
2045,0.3
2046,0.5
2047,0.8999999999999999
2048,0.7
2049,0.3
2050,0.3
2051,0.3
2052,0.3
2053,0.3
2054,0.3
2055,0.3
2056,0.3
2057,0.7
2058,0.8999999999999999
2059,0.8999999999999999
2060,0.8999999999999999
2061,0.8999999999999999
2062,0.5
2063,0.3
2064,0.3
2065,0.3
2066,0.3
2067,0.3
2068,0.3
2069,0.3
2070,0.5
2071,0.8999999999999999
2072,0.7
2073,0.3
2074,0.3
2075,0.3
2076,0.3
2077,0.3
2078,0.3
2079,0.3
2080,0.3
2081,0.7
2082,0.8999999999999999
2083,0.8999999999999999
2084,0.8999999999999999
2085,0.8999999999999999
2086,0.5
2087,0.3
2088,0.3
2089,0.3
2090,0.3
2091,0.3
2092,0.3
2093,0.3
2094,0.5
2095,0.8999999999999999
2096,0.7
2097,0.3
2098,0.3
2099,0.3
2100,0.3
2101,0.3
2102,0.3
2103,0.3
2104,0.3
2105,0.7
2106,0.8999999999999999
2107,0.8999999999999999
2108,0.8999999999999999
2109,0.8999999999999999
2110,0.5
2111,0.3
2112,0.3
2113,0.3
2114,0.3
2115,0.3
2116,0.3
2117,0.3
2118,0.5
2119,0.8999999999999999
2120,0.7
2121,0.3
2122,0.3
2123,0.3
2124,0.3
2125,0.3
2126,0.3
2127,0.3
2128,0.3
2129,0.7
2130,0.8999999999999999
2131,0.8999999999999999
2132,0.8999999999999999
2133,0.8999999999999999
2134,0.5
2135,0.3
2136,0.3
2137,0.3
2138,0.3
2139,0.3
2140,0.3
2141,0.3
2142,0.5
2143,0.5
2144,0.3
2145,0.6
2146,0.6
2147,0.6
2148,0.6
2149,0.6
2150,0.6
2151,0.6
2152,0.6
2153,0.6
2154,0.8
2155,0.8
2156,0.8
2157,0.8
2158,0.8
2159,0.3
2160,0.3
2161,0.3
2162,0.3
2163,0.3
2164,0.3
2165,0.3
2166,0.5
2167,0.5
2168,0.3
2169,0.6
2170,0.6
2171,0.6
2172,0.6
2173,0.6
2174,0.6
2175,0.6
2176,0.6
2177,0.6
2178,0.8
2179,0.8
2180,0.8
2181,0.8
2182,0.8
2183,0.3
2184,0.3
2185,0.3
2186,0.3
2187,0.3
2188,0.3
2189,0.3
2190,0.3
2191,0.7
2192,0.7
2193,0.3
2194,0.3
2195,0.3
2196,0.5
2197,0.5
2198,0.5
2199,0.5
2200,0.3
2201,0.7
2202,0.7
2203,0.7
2204,0.7
2205,0.7
2206,0.3
2207,0.3
2208,0.3
2209,0.3
2210,0.3
2211,0.3
2212,0.3
2213,0.3
2214,0.3
2215,0.7
2216,0.7
2217,0.3
2218,0.3
2219,0.3
2220,0.5
2221,0.5
2222,0.5
2223,0.5
2224,0.3
2225,0.7
2226,0.7
2227,0.7
2228,0.7
2229,0.7
2230,0.3
2231,0.3
2232,0.3
2233,0.3
2234,0.3
2235,0.3
2236,0.3
2237,0.3
2238,0.3
2239,0.7
2240,0.7
2241,0.3
2242,0.3
2243,0.3
2244,0.5
2245,0.5
2246,0.5
2247,0.5
2248,0.3
2249,0.7
2250,0.7
2251,0.7
2252,0.7
2253,0.7
2254,0.3
2255,0.3
2256,0.3
2257,0.3
2258,0.3
2259,0.3
2260,0.3
2261,0.3
2262,0.3
2263,0.7
2264,0.7
2265,0.3
2266,0.3
2267,0.3
2268,0.5
2269,0.5
2270,0.5
2271,0.5
2272,0.3
2273,0.7
2274,0.7
2275,0.7
2276,0.7
2277,0.7
2278,0.3
2279,0.3
2280,0.3
2281,0.3
2282,0.3
2283,0.3
2284,0.3
2285,0.3
2286,0.3
2287,0.7
2288,0.7
2289,0.3
2290,0.3
2291,0.3
2292,0.5
2293,0.5
2294,0.5
2295,0.5
2296,0.3
2297,0.7
2298,0.7
2299,0.7
2300,0.7
2301,0.7
2302,0.3
2303,0.3
2304,0.3
2305,0.3
2306,0.3
2307,0.3
2308,0.3
2309,0.3
2310,0.3
2311,0.3
2312,0.3
2313,0.6
2314,0.6
2315,0.6
2316,0.8
2317,0.8
2318,0.8
2319,0.8
2320,0.6
2321,0.6
2322,0.6
2323,0.6
2324,0.6
2325,0.6
2326,0.6
2327,0.3
2328,0.3
2329,0.3
2330,0.3
2331,0.3
2332,0.3
2333,0.3
2334,0.3
2335,0.3
2336,0.3
2337,0.6
2338,0.6
2339,0.6
2340,0.8
2341,0.8
2342,0.8
2343,0.8
2344,0.6
2345,0.6
2346,0.6
2347,0.6
2348,0.6
2349,0.6
2350,0.6
2351,0.3
2352,0.3
2353,0.3
2354,0.3
2355,0.3
2356,0.3
2357,0.3
2358,0.3
2359,0.7
2360,0.7
2361,0.3
2362,0.3
2363,0.3
2364,0.5
2365,0.5
2366,0.5
2367,0.5
2368,0.3
2369,0.7
2370,0.7
2371,0.7
2372,0.7
2373,0.7
2374,0.3
2375,0.3
2376,0.3
2377,0.3
2378,0.3
2379,0.3
2380,0.3
2381,0.3
2382,0.3
2383,0.7
2384,0.7
2385,0.3
2386,0.3
2387,0.3
2388,0.5
2389,0.5
2390,0.5
2391,0.5
2392,0.3
2393,0.7
2394,0.7
2395,0.7
2396,0.7
2397,0.7
2398,0.3
2399,0.3
2400,0.3
2401,0.3
2402,0.3
2403,0.3
2404,0.3
2405,0.3
2406,0.3
2407,0.7
2408,0.7
2409,0.3
2410,0.3
2411,0.3
2412,0.5
2413,0.5
2414,0.5
2415,0.5
2416,0.3
2417,0.7
2418,0.7
2419,0.7
2420,0.7
2421,0.7
2422,0.3
2423,0.3
2424,0.3
2425,0.3
2426,0.3
2427,0.3
2428,0.3
2429,0.3
2430,0.3
2431,0.7
2432,0.7
2433,0.3
2434,0.3
2435,0.3
2436,0.5
2437,0.5
2438,0.5
2439,0.5
2440,0.3
2441,0.7
2442,0.7
2443,0.7
2444,0.7
2445,0.7
2446,0.3
2447,0.3
2448,0.3
2449,0.3
2450,0.3
2451,0.3
2452,0.3
2453,0.3
2454,0.3
2455,0.7
2456,0.7
2457,0.3
2458,0.3
2459,0.3
2460,0.5
2461,0.5
2462,0.5
2463,0.5
2464,0.3
2465,0.7
2466,0.7
2467,0.7
2468,0.7
2469,0.7
2470,0.3
2471,0.3
2472,0.3
2473,0.3
2474,0.3
2475,0.3
2476,0.3
2477,0.3
2478,0.3
2479,0.3
2480,0.3
2481,0.6
2482,0.6
2483,0.6
2484,0.8
2485,0.8
2486,0.8
2487,0.8
2488,0.6
2489,0.6
2490,0.6
2491,0.6
2492,0.6
2493,0.6
2494,0.6
2495,0.3
2496,0.3
2497,0.3
2498,0.3
2499,0.3
2500,0.3
2501,0.3
2502,0.3
2503,0.3
2504,0.3
2505,0.6
2506,0.6
2507,0.6
2508,0.8
2509,0.8
2510,0.8
2511,0.8
2512,0.6
2513,0.6
2514,0.6
2515,0.6
2516,0.6
2517,0.6
2518,0.6
2519,0.3
2520,0.3
2521,0.3
2522,0.3
2523,0.3
2524,0.3
2525,0.3
2526,0.3
2527,0.7
2528,0.7
2529,0.3
2530,0.3
2531,0.3
2532,0.5
2533,0.5
2534,0.5
2535,0.5
2536,0.3
2537,0.7
2538,0.7
2539,0.7
2540,0.7
2541,0.7
2542,0.3
2543,0.3
2544,0.3
2545,0.3
2546,0.3
2547,0.3
2548,0.3
2549,0.3
2550,0.3
2551,0.7
2552,0.7
2553,0.3
2554,0.3
2555,0.3
2556,0.5
2557,0.5
2558,0.5
2559,0.5
2560,0.3
2561,0.7
2562,0.7
2563,0.7
2564,0.7
2565,0.7
2566,0.3
2567,0.3
2568,0.3
2569,0.3
2570,0.3
2571,0.3
2572,0.3
2573,0.3
2574,0.3
2575,0.7
2576,0.7
2577,0.3
2578,0.3
2579,0.3
2580,0.5
2581,0.5
2582,0.5
2583,0.5
2584,0.3
2585,0.7
2586,0.7
2587,0.7
2588,0.7
2589,0.7
2590,0.3
2591,0.3
2592,0.3
2593,0.3
2594,0.3
2595,0.3
2596,0.3
2597,0.3
2598,0.3
2599,0.7
2600,0.7
2601,0.3
2602,0.3
2603,0.3
2604,0.5
2605,0.5
2606,0.5
2607,0.5
2608,0.3
2609,0.7
2610,0.7
2611,0.7
2612,0.7
2613,0.7
2614,0.3
2615,0.3
2616,0.3
2617,0.3
2618,0.3
2619,0.3
2620,0.3
2621,0.3
2622,0.3
2623,0.7
2624,0.7
2625,0.3
2626,0.3
2627,0.3
2628,0.5
2629,0.5
2630,0.5
2631,0.5
2632,0.3
2633,0.7
2634,0.7
2635,0.7
2636,0.7
2637,0.7
2638,0.3
2639,0.3
2640,0.3
2641,0.3
2642,0.3
2643,0.3
2644,0.3
2645,0.3
2646,0.3
2647,0.3
2648,0.3
2649,0.6
2650,0.6
2651,0.6
2652,0.8
2653,0.8
2654,0.8
2655,0.8
2656,0.6
2657,0.6
2658,0.6
2659,0.6
2660,0.6
2661,0.6
2662,0.6
2663,0.3
2664,0.3
2665,0.3
2666,0.3
2667,0.3
2668,0.3
2669,0.3
2670,0.3
2671,0.3
2672,0.3
2673,0.6
2674,0.6
2675,0.6
2676,0.8
2677,0.8
2678,0.8
2679,0.8
2680,0.6
2681,0.6
2682,0.6
2683,0.6
2684,0.6
2685,0.6
2686,0.6
2687,0.3
2688,0.3
2689,0.3
2690,0.3
2691,0.3
2692,0.3
2693,0.3
2694,0.3
2695,0.7
2696,0.7
2697,0.3
2698,0.3
2699,0.3
2700,0.5
2701,0.5
2702,0.5
2703,0.5
2704,0.3
2705,0.7
2706,0.7
2707,0.7
2708,0.7
2709,0.7
2710,0.3
2711,0.3
2712,0.3
2713,0.3
2714,0.3
2715,0.3
2716,0.3
2717,0.3
2718,0.3
2719,0.7
2720,0.7
2721,0.3
2722,0.3
2723,0.3
2724,0.5
2725,0.5
2726,0.5
2727,0.5
2728,0.3
2729,0.7
2730,0.7
2731,0.7
2732,0.7
2733,0.7
2734,0.3
2735,0.3
2736,0.3
2737,0.3
2738,0.3
2739,0.3
2740,0.3
2741,0.3
2742,0.3
2743,0.7
2744,0.7
2745,0.3
2746,0.3
2747,0.3
2748,0.5
2749,0.5
2750,0.5
2751,0.5
2752,0.3
2753,0.7
2754,0.7
2755,0.7
2756,0.7
2757,0.7
2758,0.3
2759,0.3
2760,0.3
2761,0.3
2762,0.3
2763,0.3
2764,0.3
2765,0.3
2766,0.3
2767,0.7
2768,0.7
2769,0.3
2770,0.3
2771,0.3
2772,0.5
2773,0.5
2774,0.5
2775,0.5
2776,0.3
2777,0.7
2778,0.7
2779,0.7
2780,0.7
2781,0.7
2782,0.3
2783,0.3
2784,0.3
2785,0.3
2786,0.3
2787,0.3
2788,0.3
2789,0.3
2790,0.3
2791,0.7
2792,0.7
2793,0.3
2794,0.3
2795,0.3
2796,0.5
2797,0.5
2798,0.5
2799,0.5
2800,0.3
2801,0.7
2802,0.7
2803,0.7
2804,0.7
2805,0.7
2806,0.3
2807,0.3
2808,0.3
2809,0.3
2810,0.3
2811,0.3
2812,0.3
2813,0.3
2814,0.3
2815,0.3
2816,0.3
2817,0.6
2818,0.6
2819,0.6
2820,0.8
2821,0.8
2822,0.8
2823,0.8
2824,0.6
2825,0.6
2826,0.6
2827,0.6
2828,0.6
2829,0.6
2830,0.6
2831,0.3
2832,0.3
2833,0.3
2834,0.3
2835,0.3
2836,0.3
2837,0.3
2838,0.3
2839,0.3
2840,0.3
2841,0.6
2842,0.6
2843,0.6
2844,0.8
2845,0.8
2846,0.8
2847,0.8
2848,0.6
2849,0.6
2850,0.6
2851,0.6
2852,0.6
2853,0.6
2854,0.6
2855,0.3
2856,0.3
2857,0.3
2858,0.3
2859,0.3
2860,0.3
2861,0.3
2862,0.3
2863,0.7
2864,0.7
2865,0.3
2866,0.3
2867,0.3
2868,0.5
2869,0.5
2870,0.5
2871,0.5
2872,0.3
2873,0.7
2874,0.7
2875,0.7
2876,0.7
2877,0.7
2878,0.3
2879,0.3
2880,0.3
2881,0.3
2882,0.3
2883,0.3
2884,0.3
2885,0.3
2886,0.3
2887,0.7
2888,0.7
2889,0.3
2890,0.3
2891,0.3
2892,0.5
2893,0.5
2894,0.5
2895,0.5
2896,0.3
2897,0.7
2898,0.7
2899,0.7
2900,0.7
2901,0.7
2902,0.3
2903,0.3
2904,0.3
2905,0.3
2906,0.3
2907,0.3
2908,0.3
2909,0.3
2910,0.3
2911,0.7
2912,0.7
2913,0.3
2914,0.3
2915,0.3
2916,0.5
2917,0.5
2918,0.5
2919,0.5
2920,0.3
2921,0.7
2922,0.7
2923,0.7
2924,0.7
2925,0.7
2926,0.3
2927,0.3
2928,0.3
2929,0.3
2930,0.3
2931,0.3
2932,0.3
2933,0.3
2934,0.3
2935,0.7
2936,0.7
2937,0.3
2938,0.3
2939,0.3
2940,0.5
2941,0.5
2942,0.5
2943,0.5
2944,0.3
2945,0.7
2946,0.7
2947,0.7
2948,0.7
2949,0.7
2950,0.3
2951,0.3
2952,0.3
2953,0.3
2954,0.3
2955,0.3
2956,0.3
2957,0.3
2958,0.3
2959,0.7
2960,0.7
2961,0.3
2962,0.3
2963,0.3
2964,0.5
2965,0.5
2966,0.5
2967,0.5
2968,0.3
2969,0.7
2970,0.7
2971,0.7
2972,0.7
2973,0.7
2974,0.3
2975,0.3
2976,0.3
2977,0.3
2978,0.3
2979,0.3
2980,0.3
2981,0.3
2982,0.3
2983,0.3
2984,0.3
2985,0.6
2986,0.6
2987,0.6
2988,0.8
2989,0.8
2990,0.8
2991,0.8
2992,0.6
2993,0.6
2994,0.6
2995,0.6
2996,0.6
2997,0.6
2998,0.6
2999,0.3
3000,0.3
3001,0.3
3002,0.3
3003,0.3
3004,0.3
3005,0.3
3006,0.3
3007,0.3
3008,0.3
3009,0.6
3010,0.6
3011,0.6
3012,0.8
3013,0.8
3014,0.8
3015,0.8
3016,0.6
3017,0.6
3018,0.6
3019,0.6
3020,0.6
3021,0.6
3022,0.6
3023,0.3
3024,0.3
3025,0.3
3026,0.3
3027,0.3
3028,0.3
3029,0.3
3030,0.3
3031,0.7
3032,0.7
3033,0.3
3034,0.3
3035,0.3
3036,0.5
3037,0.5
3038,0.5
3039,0.5
3040,0.3
3041,0.7
3042,0.7
3043,0.7
3044,0.7
3045,0.7
3046,0.3
3047,0.3
3048,0.3
3049,0.3
3050,0.3
3051,0.3
3052,0.3
3053,0.3
3054,0.3
3055,0.7
3056,0.7
3057,0.3
3058,0.3
3059,0.3
3060,0.5
3061,0.5
3062,0.5
3063,0.5
3064,0.3
3065,0.7
3066,0.7
3067,0.7
3068,0.7
3069,0.7
3070,0.3
3071,0.3
3072,0.3
3073,0.3
3074,0.3
3075,0.3
3076,0.3
3077,0.3
3078,0.3
3079,0.7
3080,0.7
3081,0.3
3082,0.3
3083,0.3
3084,0.5
3085,0.5
3086,0.5
3087,0.5
3088,0.3
3089,0.7
3090,0.7
3091,0.7
3092,0.7
3093,0.7
3094,0.3
3095,0.3
3096,0.3
3097,0.3
3098,0.3
3099,0.3
3100,0.3
3101,0.3
3102,0.3
3103,0.7
3104,0.7
3105,0.3
3106,0.3
3107,0.3
3108,0.5
3109,0.5
3110,0.5
3111,0.5
3112,0.3
3113,0.7
3114,0.7
3115,0.7
3116,0.7
3117,0.7
3118,0.3
3119,0.3
3120,0.3
3121,0.3
3122,0.3
3123,0.3
3124,0.3
3125,0.3
3126,0.3
3127,0.7
3128,0.7
3129,0.3
3130,0.3
3131,0.3
3132,0.5
3133,0.5
3134,0.5
3135,0.5
3136,0.3
3137,0.7
3138,0.7
3139,0.7
3140,0.7
3141,0.7
3142,0.3
3143,0.3
3144,0.3
3145,0.3
3146,0.3
3147,0.3
3148,0.3
3149,0.3
3150,0.3
3151,0.3
3152,0.3
3153,0.6
3154,0.6
3155,0.6
3156,0.8
3157,0.8
3158,0.8
3159,0.8
3160,0.6
3161,0.6
3162,0.6
3163,0.6
3164,0.6
3165,0.6
3166,0.6
3167,0.3
3168,0.3
3169,0.3
3170,0.3
3171,0.3
3172,0.3
3173,0.3
3174,0.3
3175,0.3
3176,0.3
3177,0.6
3178,0.6
3179,0.6
3180,0.8
3181,0.8
3182,0.8
3183,0.8
3184,0.6
3185,0.6
3186,0.6
3187,0.6
3188,0.6
3189,0.6
3190,0.6
3191,0.3
3192,0.3
3193,0.3
3194,0.3
3195,0.3
3196,0.3
3197,0.3
3198,0.3
3199,0.7
3200,0.7
3201,0.3
3202,0.3
3203,0.3
3204,0.5
3205,0.5
3206,0.5
3207,0.5
3208,0.3
3209,0.7
3210,0.7
3211,0.7
3212,0.7
3213,0.7
3214,0.3
3215,0.3
3216,0.3
3217,0.3
3218,0.3
3219,0.3
3220,0.3
3221,0.3
3222,0.3
3223,0.7
3224,0.7
3225,0.3
3226,0.3
3227,0.3
3228,0.5
3229,0.5
3230,0.5
3231,0.5
3232,0.3
3233,0.7
3234,0.7
3235,0.7
3236,0.7
3237,0.7
3238,0.3
3239,0.3
3240,0.3
3241,0.3
3242,0.3
3243,0.3
3244,0.3
3245,0.3
3246,0.3
3247,0.7
3248,0.7
3249,0.3
3250,0.3
3251,0.3
3252,0.5
3253,0.5
3254,0.5
3255,0.5
3256,0.3
3257,0.7
3258,0.7
3259,0.7
3260,0.7
3261,0.7
3262,0.3
3263,0.3
3264,0.3
3265,0.3
3266,0.3
3267,0.3
3268,0.3
3269,0.3
3270,0.3
3271,0.7
3272,0.7
3273,0.3
3274,0.3
3275,0.3
3276,0.5
3277,0.5
3278,0.5
3279,0.5
3280,0.3
3281,0.7
3282,0.7
3283,0.7
3284,0.7
3285,0.7
3286,0.3
3287,0.3
3288,0.3
3289,0.3
3290,0.3
3291,0.3
3292,0.3
3293,0.3
3294,0.3
3295,0.7
3296,0.7
3297,0.3
3298,0.3
3299,0.3
3300,0.5
3301,0.5
3302,0.5
3303,0.5
3304,0.3
3305,0.7
3306,0.7
3307,0.7
3308,0.7
3309,0.7
3310,0.3
3311,0.3
3312,0.3
3313,0.3
3314,0.3
3315,0.3
3316,0.3
3317,0.3
3318,0.3
3319,0.3
3320,0.3
3321,0.6
3322,0.6
3323,0.6
3324,0.8
3325,0.8
3326,0.8
3327,0.8
3328,0.6
3329,0.6
3330,0.6
3331,0.6
3332,0.6
3333,0.6
3334,0.6
3335,0.3
3336,0.3
3337,0.3
3338,0.3
3339,0.3
3340,0.3
3341,0.3
3342,0.3
3343,0.3
3344,0.3
3345,0.6
3346,0.6
3347,0.6
3348,0.8
3349,0.8
3350,0.8
3351,0.8
3352,0.6
3353,0.6
3354,0.6
3355,0.6
3356,0.6
3357,0.6
3358,0.6
3359,0.3
3360,0.3
3361,0.3
3362,0.3
3363,0.3
3364,0.3
3365,0.3
3366,0.3
3367,0.7
3368,0.7
3369,0.3
3370,0.3
3371,0.3
3372,0.5
3373,0.5
3374,0.5
3375,0.5
3376,0.3
3377,0.7
3378,0.7
3379,0.7
3380,0.7
3381,0.7
3382,0.3
3383,0.3
3384,0.3
3385,0.3
3386,0.3
3387,0.3
3388,0.3
3389,0.3
3390,0.3
3391,0.7
3392,0.7
3393,0.3
3394,0.3
3395,0.3
3396,0.5
3397,0.5
3398,0.5
3399,0.5
3400,0.3
3401,0.7
3402,0.7
3403,0.7
3404,0.7
3405,0.7
3406,0.3
3407,0.3
3408,0.3
3409,0.3
3410,0.3
3411,0.3
3412,0.3
3413,0.3
3414,0.3
3415,0.7
3416,0.7
3417,0.3
3418,0.3
3419,0.3
3420,0.5
3421,0.5
3422,0.5
3423,0.5
3424,0.3
3425,0.7
3426,0.7
3427,0.7
3428,0.7
3429,0.7
3430,0.3
3431,0.3
3432,0.3
3433,0.3
3434,0.3
3435,0.3
3436,0.3
3437,0.3
3438,0.3
3439,0.7
3440,0.7
3441,0.3
3442,0.3
3443,0.3
3444,0.5
3445,0.5
3446,0.5
3447,0.5
3448,0.3
3449,0.7
3450,0.7
3451,0.7
3452,0.7
3453,0.7
3454,0.3
3455,0.3
3456,0.3
3457,0.3
3458,0.3
3459,0.3
3460,0.3
3461,0.3
3462,0.3
3463,0.7
3464,0.7
3465,0.3
3466,0.3
3467,0.3
3468,0.5
3469,0.5
3470,0.5
3471,0.5
3472,0.3
3473,0.7
3474,0.7
3475,0.7
3476,0.7
3477,0.7
3478,0.3
3479,0.3
3480,0.3
3481,0.3
3482,0.3
3483,0.3
3484,0.3
3485,0.3
3486,0.3
3487,0.3
3488,0.3
3489,0.6
3490,0.6
3491,0.6
3492,0.8
3493,0.8
3494,0.8
3495,0.8
3496,0.6
3497,0.6
3498,0.6
3499,0.6
3500,0.6
3501,0.6
3502,0.6
3503,0.3
3504,0.3
3505,0.3
3506,0.3
3507,0.3
3508,0.3
3509,0.3
3510,0.3
3511,0.3
3512,0.3
3513,0.6
3514,0.6
3515,0.6
3516,0.8
3517,0.8
3518,0.8
3519,0.8
3520,0.6
3521,0.6
3522,0.6
3523,0.6
3524,0.6
3525,0.6
3526,0.6
3527,0.3
3528,0.3
3529,0.3
3530,0.3
3531,0.3
3532,0.3
3533,0.3
3534,0.3
3535,0.7
3536,0.7
3537,0.3
3538,0.3
3539,0.3
3540,0.5
3541,0.5
3542,0.5
3543,0.5
3544,0.3
3545,0.7
3546,0.7
3547,0.7
3548,0.7
3549,0.7
3550,0.3
3551,0.3
3552,0.3
3553,0.3
3554,0.3
3555,0.3
3556,0.3
3557,0.3
3558,0.3
3559,0.7
3560,0.7
3561,0.3
3562,0.3
3563,0.3
3564,0.5
3565,0.5
3566,0.5
3567,0.5
3568,0.3
3569,0.7
3570,0.7
3571,0.7
3572,0.7
3573,0.7
3574,0.3
3575,0.3
3576,0.3
3577,0.3
3578,0.3
3579,0.3
3580,0.3
3581,0.3
3582,0.3
3583,0.7
3584,0.7
3585,0.3
3586,0.3
3587,0.3
3588,0.5
3589,0.5
3590,0.5
3591,0.5
3592,0.3
3593,0.7
3594,0.7
3595,0.7
3596,0.7
3597,0.7
3598,0.3
3599,0.3
3600,0.3
3601,0.3
3602,0.3
3603,0.3
3604,0.3
3605,0.3
3606,0.3
3607,0.7
3608,0.7
3609,0.3
3610,0.3
3611,0.3
3612,0.5
3613,0.5
3614,0.5
3615,0.5
3616,0.3
3617,0.7
3618,0.7
3619,0.7
3620,0.7
3621,0.7
3622,0.3
3623,0.3
3624,0.3
3625,0.3
3626,0.3
3627,0.3
3628,0.3
3629,0.3
3630,0.3
3631,0.7
3632,0.7
3633,0.3
3634,0.3
3635,0.3
3636,0.5
3637,0.5
3638,0.5
3639,0.5
3640,0.3
3641,0.7
3642,0.7
3643,0.7
3644,0.7
3645,0.7
3646,0.3
3647,0.3
3648,0.3
3649,0.3
3650,0.3
3651,0.3
3652,0.3
3653,0.3
3654,0.3
3655,0.3
3656,0.3
3657,0.6
3658,0.6
3659,0.6
3660,0.8
3661,0.8
3662,0.8
3663,0.8
3664,0.6
3665,0.6
3666,0.6
3667,0.6
3668,0.6
3669,0.6
3670,0.6
3671,0.3
3672,0.3
3673,0.3
3674,0.3
3675,0.3
3676,0.3
3677,0.3
3678,0.3
3679,0.3
3680,0.3
3681,0.6
3682,0.6
3683,0.6
3684,0.8
3685,0.8
3686,0.8
3687,0.8
3688,0.6
3689,0.6
3690,0.6
3691,0.6
3692,0.6
3693,0.6
3694,0.6
3695,0.3
3696,0.3
3697,0.3
3698,0.3
3699,0.3
3700,0.3
3701,0.3
3702,0.3
3703,0.7
3704,0.7
3705,0.3
3706,0.3
3707,0.3
3708,0.5
3709,0.5
3710,0.5
3711,0.5
3712,0.3
3713,0.7
3714,0.7
3715,0.7
3716,0.7
3717,0.7
3718,0.3
3719,0.3
3720,0.3
3721,0.3
3722,0.3
3723,0.3
3724,0.3
3725,0.3
3726,0.3
3727,0.7
3728,0.7
3729,0.3
3730,0.3
3731,0.3
3732,0.5
3733,0.5
3734,0.5
3735,0.5
3736,0.3
3737,0.7
3738,0.7
3739,0.7
3740,0.7
3741,0.7
3742,0.3
3743,0.3
3744,0.3
3745,0.3
3746,0.3
3747,0.3
3748,0.3
3749,0.3
3750,0.3
3751,0.7
3752,0.7
3753,0.3
3754,0.3
3755,0.3
3756,0.5
3757,0.5
3758,0.5
3759,0.5
3760,0.3
3761,0.7
3762,0.7
3763,0.7
3764,0.7
3765,0.7
3766,0.3
3767,0.3
3768,0.3
3769,0.3
3770,0.3
3771,0.3
3772,0.3
3773,0.3
3774,0.3
3775,0.7
3776,0.7
3777,0.3
3778,0.3
3779,0.3
3780,0.5
3781,0.5
3782,0.5
3783,0.5
3784,0.3
3785,0.7
3786,0.7
3787,0.7
3788,0.7
3789,0.7
3790,0.3
3791,0.3
3792,0.3
3793,0.3
3794,0.3
3795,0.3
3796,0.3
3797,0.3
3798,0.3
3799,0.7
3800,0.7
3801,0.3
3802,0.3
3803,0.3
3804,0.5
3805,0.5
3806,0.5
3807,0.5
3808,0.3
3809,0.7
3810,0.7
3811,0.7
3812,0.7
3813,0.7
3814,0.3
3815,0.3
3816,0.3
3817,0.3
3818,0.3
3819,0.3
3820,0.3
3821,0.3
3822,0.3
3823,0.3
3824,0.3
3825,0.6
3826,0.6
3827,0.6
3828,0.8
3829,0.8
3830,0.8
3831,0.8
3832,0.6
3833,0.6
3834,0.6
3835,0.6
3836,0.6
3837,0.6
3838,0.6
3839,0.3
3840,0.3
3841,0.3
3842,0.3
3843,0.3
3844,0.3
3845,0.3
3846,0.3
3847,0.3
3848,0.3
3849,0.6
3850,0.6
3851,0.6
3852,0.8
3853,0.8
3854,0.8
3855,0.8
3856,0.6
3857,0.6
3858,0.6
3859,0.6
3860,0.6
3861,0.6
3862,0.6
3863,0.3
3864,0.3
3865,0.3
3866,0.3
3867,0.3
3868,0.3
3869,0.3
3870,0.3
3871,0.7
3872,0.7
3873,0.3
3874,0.3
3875,0.3
3876,0.5
3877,0.5
3878,0.5
3879,0.5
3880,0.3
3881,0.7
3882,0.7
3883,0.7
3884,0.7
3885,0.7
3886,0.3
3887,0.3
3888,0.3
3889,0.3
3890,0.3
3891,0.3
3892,0.3
3893,0.3
3894,0.3
3895,0.7
3896,0.7
3897,0.3
3898,0.3
3899,0.3
3900,0.5
3901,0.5
3902,0.5
3903,0.5
3904,0.3
3905,0.7
3906,0.7
3907,0.7
3908,0.7
3909,0.7
3910,0.3
3911,0.3
3912,0.3
3913,0.3
3914,0.3
3915,0.3
3916,0.3
3917,0.3
3918,0.3
3919,0.7
3920,0.7
3921,0.3
3922,0.3
3923,0.3
3924,0.5
3925,0.5
3926,0.5
3927,0.5
3928,0.3
3929,0.7
3930,0.7
3931,0.7
3932,0.7
3933,0.7
3934,0.3
3935,0.3
3936,0.3
3937,0.3
3938,0.3
3939,0.3
3940,0.3
3941,0.3
3942,0.3
3943,0.7
3944,0.7
3945,0.3
3946,0.3
3947,0.3
3948,0.5
3949,0.5
3950,0.5
3951,0.5
3952,0.3
3953,0.7
3954,0.7
3955,0.7
3956,0.7
3957,0.7
3958,0.3
3959,0.3
3960,0.3
3961,0.3
3962,0.3
3963,0.3
3964,0.3
3965,0.3
3966,0.3
3967,0.7
3968,0.7
3969,0.3
3970,0.3
3971,0.3
3972,0.5
3973,0.5
3974,0.5
3975,0.5
3976,0.3
3977,0.7
3978,0.7
3979,0.7
3980,0.7
3981,0.7
3982,0.3
3983,0.3
3984,0.3
3985,0.3
3986,0.3
3987,0.3
3988,0.3
3989,0.3
3990,0.3
3991,0.3
3992,0.3
3993,0.6
3994,0.6
3995,0.6
3996,0.8
3997,0.8
3998,0.8
3999,0.8
4000,0.6
4001,0.6
4002,0.6
4003,0.6
4004,0.6
4005,0.6
4006,0.6
4007,0.3
4008,0.3
4009,0.3
4010,0.3
4011,0.3
4012,0.3
4013,0.3
4014,0.3
4015,0.3
4016,0.3
4017,0.6
4018,0.6
4019,0.6
4020,0.8
4021,0.8
4022,0.8
4023,0.8
4024,0.6
4025,0.6
4026,0.6
4027,0.6
4028,0.6
4029,0.6
4030,0.6
4031,0.3
4032,0.3
4033,0.3
4034,0.3
4035,0.3
4036,0.3
4037,0.3
4038,0.3
4039,0.7
4040,0.7
4041,0.3
4042,0.3
4043,0.3
4044,0.5
4045,0.5
4046,0.5
4047,0.5
4048,0.3
4049,0.7
4050,0.7
4051,0.7
4052,0.7
4053,0.7
4054,0.3
4055,0.3
4056,0.3
4057,0.3
4058,0.3
4059,0.3
4060,0.3
4061,0.3
4062,0.3
4063,0.7
4064,0.7
4065,0.3
4066,0.3
4067,0.3
4068,0.5
4069,0.5
4070,0.5
4071,0.5
4072,0.3
4073,0.7
4074,0.7
4075,0.7
4076,0.7
4077,0.7
4078,0.3
4079,0.3
4080,0.3
4081,0.3
4082,0.3
4083,0.3
4084,0.3
4085,0.3
4086,0.3
4087,0.7
4088,0.7
4089,0.3
4090,0.3
4091,0.3
4092,0.5
4093,0.5
4094,0.5
4095,0.5
4096,0.3
4097,0.7
4098,0.7
4099,0.7
4100,0.7
4101,0.7
4102,0.3
4103,0.3
4104,0.3
4105,0.3
4106,0.3
4107,0.3
4108,0.3
4109,0.3
4110,0.3
4111,0.7
4112,0.7
4113,0.3
4114,0.3
4115,0.3
4116,0.5
4117,0.5
4118,0.5
4119,0.5
4120,0.3
4121,0.7
4122,0.7
4123,0.7
4124,0.7
4125,0.7
4126,0.3
4127,0.3
4128,0.3
4129,0.3
4130,0.3
4131,0.3
4132,0.3
4133,0.3
4134,0.3
4135,0.7
4136,0.7
4137,0.3
4138,0.3
4139,0.3
4140,0.5
4141,0.5
4142,0.5
4143,0.5
4144,0.3
4145,0.7
4146,0.7
4147,0.7
4148,0.7
4149,0.7
4150,0.3
4151,0.3
4152,0.3
4153,0.3
4154,0.3
4155,0.3
4156,0.3
4157,0.3
4158,0.3
4159,0.3
4160,0.3
4161,0.6
4162,0.6
4163,0.6
4164,0.8
4165,0.8
4166,0.8
4167,0.8
4168,0.6
4169,0.6
4170,0.6
4171,0.6
4172,0.6
4173,0.6
4174,0.6
4175,0.3
4176,0.3
4177,0.3
4178,0.3
4179,0.3
4180,0.3
4181,0.3
4182,0.3
4183,0.3
4184,0.3
4185,0.6
4186,0.6
4187,0.6
4188,0.8
4189,0.8
4190,0.8
4191,0.8
4192,0.6
4193,0.6
4194,0.6
4195,0.6
4196,0.6
4197,0.6
4198,0.6
4199,0.3
4200,0.3
4201,0.3
4202,0.3
4203,0.3
4204,0.3
4205,0.3
4206,0.3
4207,0.7
4208,0.7
4209,0.3
4210,0.3
4211,0.3
4212,0.5
4213,0.5
4214,0.5
4215,0.5
4216,0.3
4217,0.7
4218,0.7
4219,0.7
4220,0.7
4221,0.7
4222,0.3
4223,0.3
4224,0.3
4225,0.3
4226,0.3
4227,0.3
4228,0.3
4229,0.3
4230,0.3
4231,0.7
4232,0.7
4233,0.3
4234,0.3
4235,0.3
4236,0.5
4237,0.5
4238,0.5
4239,0.5
4240,0.3
4241,0.7
4242,0.7
4243,0.7
4244,0.7
4245,0.7
4246,0.3
4247,0.3
4248,0.3
4249,0.3
4250,0.3
4251,0.3
4252,0.3
4253,0.3
4254,0.3
4255,0.7
4256,0.7
4257,0.3
4258,0.3
4259,0.3
4260,0.5
4261,0.5
4262,0.5
4263,0.5
4264,0.3
4265,0.7
4266,0.7
4267,0.7
4268,0.7
4269,0.7
4270,0.3
4271,0.3
4272,0.3
4273,0.3
4274,0.3
4275,0.3
4276,0.3
4277,0.3
4278,0.3
4279,0.7
4280,0.7
4281,0.3
4282,0.3
4283,0.3
4284,0.5
4285,0.5
4286,0.5
4287,0.5
4288,0.3
4289,0.7
4290,0.7
4291,0.7
4292,0.7
4293,0.7
4294,0.3
4295,0.3
4296,0.3
4297,0.3
4298,0.3
4299,0.3
4300,0.3
4301,0.3
4302,0.3
4303,0.7
4304,0.7
4305,0.3
4306,0.3
4307,0.3
4308,0.5
4309,0.5
4310,0.5
4311,0.5
4312,0.3
4313,0.7
4314,0.7
4315,0.7
4316,0.7
4317,0.7
4318,0.3
4319,0.3
4320,0.3
4321,0.3
4322,0.3
4323,0.3
4324,0.3
4325,0.3
4326,0.3
4327,0.3
4328,0.3
4329,0.6
4330,0.6
4331,0.6
4332,0.8
4333,0.8
4334,0.8
4335,0.8
4336,0.6
4337,0.6
4338,0.6
4339,0.6
4340,0.6
4341,0.6
4342,0.6
4343,0.3
4344,0.3
4345,0.3
4346,0.3
4347,0.3
4348,0.3
4349,0.3
4350,0.3
4351,0.3
4352,0.3
4353,0.6
4354,0.6
4355,0.6
4356,0.8
4357,0.8
4358,0.8
4359,0.8
4360,0.6
4361,0.6
4362,0.6
4363,0.6
4364,0.6
4365,0.6
4366,0.6
4367,0.3
4368,0.3
4369,0.3
4370,0.3
4371,0.3
4372,0.3
4373,0.3
4374,0.3
4375,0.7
4376,0.7
4377,0.3
4378,0.3
4379,0.3
4380,0.3
4381,0.3
4382,0.3
4383,0.3
4384,0.3
4385,0.7
4386,0.7
4387,0.7
4388,0.7
4389,0.7
4390,0.3
4391,0.3
4392,0.3
4393,0.3
4394,0.3
4395,0.3
4396,0.3
4397,0.3
4398,0.3
4399,0.7
4400,0.7
4401,0.3
4402,0.3
4403,0.3
4404,0.3
4405,0.3
4406,0.3
4407,0.3
4408,0.3
4409,0.7
4410,0.7
4411,0.7
4412,0.7
4413,0.7
4414,0.3
4415,0.3
4416,0.3
4417,0.3
4418,0.3
4419,0.3
4420,0.3
4421,0.3
4422,0.3
4423,0.7
4424,0.7
4425,0.3
4426,0.3
4427,0.3
4428,0.3
4429,0.3
4430,0.3
4431,0.3
4432,0.3
4433,0.7
4434,0.7
4435,0.7
4436,0.7
4437,0.7
4438,0.3
4439,0.3
4440,0.3
4441,0.3
4442,0.3
4443,0.3
4444,0.3
4445,0.3
4446,0.3
4447,0.7
4448,0.7
4449,0.3
4450,0.3
4451,0.3
4452,0.3
4453,0.3
4454,0.3
4455,0.3
4456,0.3
4457,0.7
4458,0.7
4459,0.7
4460,0.7
4461,0.7
4462,0.3
4463,0.3
4464,0.3
4465,0.3
4466,0.3
4467,0.3
4468,0.3
4469,0.3
4470,0.3
4471,0.7
4472,0.7
4473,0.3
4474,0.3
4475,0.3
4476,0.3
4477,0.3
4478,0.3
4479,0.3
4480,0.3
4481,0.7
4482,0.7
4483,0.7
4484,0.7
4485,0.7
4486,0.3
4487,0.3
4488,0.3
4489,0.3
4490,0.3
4491,0.3
4492,0.3
4493,0.3
4494,0.3
4495,0.3
4496,0.3
4497,0.6
4498,0.6
4499,0.6
4500,0.6
4501,0.6
4502,0.6
4503,0.6
4504,0.6
4505,0.6
4506,0.6
4507,0.6
4508,0.6
4509,0.6
4510,0.6
4511,0.3
4512,0.3
4513,0.3
4514,0.3
4515,0.3
4516,0.3
4517,0.3
4518,0.3
4519,0.3
4520,0.3
4521,0.6
4522,0.6
4523,0.6
4524,0.6
4525,0.6
4526,0.6
4527,0.6
4528,0.6
4529,0.6
4530,0.6
4531,0.6
4532,0.6
4533,0.6
4534,0.6
4535,0.3
4536,0.3
4537,0.3
4538,0.3
4539,0.3
4540,0.3
4541,0.3
4542,0.3
4543,0.7
4544,0.7
4545,0.3
4546,0.3
4547,0.3
4548,0.3
4549,0.3
4550,0.3
4551,0.3
4552,0.3
4553,0.7
4554,0.7
4555,0.7
4556,0.7
4557,0.7
4558,0.3
4559,0.3
4560,0.3
4561,0.3
4562,0.3
4563,0.3
4564,0.3
4565,0.3
4566,0.3
4567,0.7
4568,0.7
4569,0.3
4570,0.3
4571,0.3
4572,0.3
4573,0.3
4574,0.3
4575,0.3
4576,0.3
4577,0.7
4578,0.7
4579,0.7
4580,0.7
4581,0.7
4582,0.3
4583,0.3
4584,0.3
4585,0.3
4586,0.3
4587,0.3
4588,0.3
4589,0.3
4590,0.3
4591,0.7
4592,0.7
4593,0.3
4594,0.3
4595,0.3
4596,0.3
4597,0.3
4598,0.3
4599,0.3
4600,0.3
4601,0.7
4602,0.7
4603,0.7
4604,0.7
4605,0.7
4606,0.3
4607,0.3
4608,0.3
4609,0.3
4610,0.3
4611,0.3
4612,0.3
4613,0.3
4614,0.3
4615,0.7
4616,0.7
4617,0.3
4618,0.3
4619,0.3
4620,0.3
4621,0.3
4622,0.3
4623,0.3
4624,0.3
4625,0.7
4626,0.7
4627,0.7
4628,0.7
4629,0.7
4630,0.3
4631,0.3
4632,0.3
4633,0.3
4634,0.3
4635,0.3
4636,0.3
4637,0.3
4638,0.3
4639,0.7
4640,0.7
4641,0.3
4642,0.3
4643,0.3
4644,0.3
4645,0.3
4646,0.3
4647,0.3
4648,0.3
4649,0.7
4650,0.7
4651,0.7
4652,0.7
4653,0.7
4654,0.3
4655,0.3
4656,0.3
4657,0.3
4658,0.3
4659,0.3
4660,0.3
4661,0.3
4662,0.3
4663,0.3
4664,0.3
4665,0.6
4666,0.6
4667,0.6
4668,0.6
4669,0.6
4670,0.6
4671,0.6
4672,0.6
4673,0.6
4674,0.6
4675,0.6
4676,0.6
4677,0.6
4678,0.6
4679,0.3
4680,0.3
4681,0.3
4682,0.3
4683,0.3
4684,0.3
4685,0.3
4686,0.3
4687,0.3
4688,0.3
4689,0.6
4690,0.6
4691,0.6
4692,0.6
4693,0.6
4694,0.6
4695,0.6
4696,0.6
4697,0.6
4698,0.6
4699,0.6
4700,0.6
4701,0.6
4702,0.6
4703,0.3
4704,0.3
4705,0.3
4706,0.3
4707,0.3
4708,0.3
4709,0.3
4710,0.3
4711,0.7
4712,0.7
4713,0.3
4714,0.3
4715,0.3
4716,0.3
4717,0.3
4718,0.3
4719,0.3
4720,0.3
4721,0.7
4722,0.7
4723,0.7
4724,0.7
4725,0.7
4726,0.3
4727,0.3
4728,0.3
4729,0.3
4730,0.3
4731,0.3
4732,0.3
4733,0.3
4734,0.3
4735,0.7
4736,0.7
4737,0.3
4738,0.3
4739,0.3
4740,0.3
4741,0.3
4742,0.3
4743,0.3
4744,0.3
4745,0.7
4746,0.7
4747,0.7
4748,0.7
4749,0.7
4750,0.3
4751,0.3
4752,0.3
4753,0.3
4754,0.3
4755,0.3
4756,0.3
4757,0.3
4758,0.3
4759,0.7
4760,0.7
4761,0.3
4762,0.3
4763,0.3
4764,0.3
4765,0.3
4766,0.3
4767,0.3
4768,0.3
4769,0.7
4770,0.7
4771,0.7
4772,0.7
4773,0.7
4774,0.3
4775,0.3
4776,0.3
4777,0.3
4778,0.3
4779,0.3
4780,0.3
4781,0.3
4782,0.3
4783,0.7
4784,0.7
4785,0.3
4786,0.3
4787,0.3
4788,0.3
4789,0.3
4790,0.3
4791,0.3
4792,0.3
4793,0.7
4794,0.7
4795,0.7
4796,0.7
4797,0.7
4798,0.3
4799,0.3
4800,0.3
4801,0.3
4802,0.3
4803,0.3
4804,0.3
4805,0.3
4806,0.3
4807,0.7
4808,0.7
4809,0.3
4810,0.3
4811,0.3
4812,0.3
4813,0.3
4814,0.3
4815,0.3
4816,0.3
4817,0.7
4818,0.7
4819,0.7
4820,0.7
4821,0.7
4822,0.3
4823,0.3
4824,0.3
4825,0.3
4826,0.3
4827,0.3
4828,0.3
4829,0.3
4830,0.3
4831,0.3
4832,0.3
4833,0.6
4834,0.6
4835,0.6
4836,0.6
4837,0.6
4838,0.6
4839,0.6
4840,0.6
4841,0.6
4842,0.6
4843,0.6
4844,0.6
4845,0.6
4846,0.6
4847,0.3
4848,0.3
4849,0.3
4850,0.3
4851,0.3
4852,0.3
4853,0.3
4854,0.3
4855,0.3
4856,0.3
4857,0.6
4858,0.6
4859,0.6
4860,0.6
4861,0.6
4862,0.6
4863,0.6
4864,0.6
4865,0.6
4866,0.6
4867,0.6
4868,0.6
4869,0.6
4870,0.6
4871,0.3
4872,0.3
4873,0.3
4874,0.3
4875,0.3
4876,0.3
4877,0.3
4878,0.3
4879,0.7
4880,0.7
4881,0.3
4882,0.3
4883,0.3
4884,0.3
4885,0.3
4886,0.3
4887,0.3
4888,0.3
4889,0.7
4890,0.7
4891,0.7
4892,0.7
4893,0.7
4894,0.3
4895,0.3
4896,0.3
4897,0.3
4898,0.3
4899,0.3
4900,0.3
4901,0.3
4902,0.3
4903,0.7
4904,0.7
4905,0.3
4906,0.3
4907,0.3
4908,0.3
4909,0.3
4910,0.3
4911,0.3
4912,0.3
4913,0.7
4914,0.7
4915,0.7
4916,0.7
4917,0.7
4918,0.3
4919,0.3
4920,0.3
4921,0.3
4922,0.3
4923,0.3
4924,0.3
4925,0.3
4926,0.3
4927,0.7
4928,0.7
4929,0.3
4930,0.3
4931,0.3
4932,0.3
4933,0.3
4934,0.3
4935,0.3
4936,0.3
4937,0.7
4938,0.7
4939,0.7
4940,0.7
4941,0.7
4942,0.3
4943,0.3
4944,0.3
4945,0.3
4946,0.3
4947,0.3
4948,0.3
4949,0.3
4950,0.3
4951,0.7
4952,0.7
4953,0.3
4954,0.3
4955,0.3
4956,0.3
4957,0.3
4958,0.3
4959,0.3
4960,0.3
4961,0.7
4962,0.7
4963,0.7
4964,0.7
4965,0.7
4966,0.3
4967,0.3
4968,0.3
4969,0.3
4970,0.3
4971,0.3
4972,0.3
4973,0.3
4974,0.3
4975,0.7
4976,0.7
4977,0.3
4978,0.3
4979,0.3
4980,0.3
4981,0.3
4982,0.3
4983,0.3
4984,0.3
4985,0.7
4986,0.7
4987,0.7
4988,0.7
4989,0.7
4990,0.3
4991,0.3
4992,0.3
4993,0.3
4994,0.3
4995,0.3
4996,0.3
4997,0.3
4998,0.3
4999,0.3
5000,0.3
5001,0.6
5002,0.6
5003,0.6
5004,0.6
5005,0.6
5006,0.6
5007,0.6
5008,0.6
5009,0.6
5010,0.6
5011,0.6
5012,0.6
5013,0.6
5014,0.6
5015,0.3
5016,0.3
5017,0.3
5018,0.3
5019,0.3
5020,0.3
5021,0.3
5022,0.3
5023,0.3
5024,0.3
5025,0.6
5026,0.6
5027,0.6
5028,0.6
5029,0.6
5030,0.6
5031,0.6
5032,0.6
5033,0.6
5034,0.6
5035,0.6
5036,0.6
5037,0.6
5038,0.6
5039,0.3
5040,0.3
5041,0.3
5042,0.3
5043,0.3
5044,0.3
5045,0.3
5046,0.3
5047,0.7
5048,0.7
5049,0.3
5050,0.3
5051,0.3
5052,0.3
5053,0.3
5054,0.3
5055,0.3
5056,0.3
5057,0.7
5058,0.7
5059,0.7
5060,0.7
5061,0.7
5062,0.3
5063,0.3
5064,0.3
5065,0.3
5066,0.3
5067,0.3
5068,0.3
5069,0.3
5070,0.3
5071,0.7
5072,0.7
5073,0.3
5074,0.3
5075,0.3
5076,0.3
5077,0.3
5078,0.3
5079,0.3
5080,0.3
5081,0.7
5082,0.7
5083,0.7
5084,0.7
5085,0.7
5086,0.3
5087,0.3
5088,0.3
5089,0.3
5090,0.3
5091,0.3
5092,0.3
5093,0.3
5094,0.3
5095,0.7
5096,0.7
5097,0.3
5098,0.3
5099,0.3
5100,0.3
5101,0.3
5102,0.3
5103,0.3
5104,0.3
5105,0.7
5106,0.7
5107,0.7
5108,0.7
5109,0.7
5110,0.3
5111,0.3
5112,0.3
5113,0.3
5114,0.3
5115,0.3
5116,0.3
5117,0.3
5118,0.3
5119,0.7
5120,0.7
5121,0.3
5122,0.3
5123,0.3
5124,0.3
5125,0.3
5126,0.3
5127,0.3
5128,0.3
5129,0.7
5130,0.7
5131,0.7
5132,0.7
5133,0.7
5134,0.3
5135,0.3
5136,0.3
5137,0.3
5138,0.3
5139,0.3
5140,0.3
5141,0.3
5142,0.3
5143,0.7
5144,0.7
5145,0.3
5146,0.3
5147,0.3
5148,0.3
5149,0.3
5150,0.3
5151,0.3
5152,0.3
5153,0.7
5154,0.7
5155,0.7
5156,0.7
5157,0.7
5158,0.3
5159,0.3
5160,0.3
5161,0.3
5162,0.3
5163,0.3
5164,0.3
5165,0.3
5166,0.3
5167,0.3
5168,0.3
5169,0.6
5170,0.6
5171,0.6
5172,0.6
5173,0.6
5174,0.6
5175,0.6
5176,0.6
5177,0.6
5178,0.6
5179,0.6
5180,0.6
5181,0.6
5182,0.6
5183,0.3
5184,0.3
5185,0.3
5186,0.3
5187,0.3
5188,0.3
5189,0.3
5190,0.3
5191,0.3
5192,0.3
5193,0.6
5194,0.6
5195,0.6
5196,0.6
5197,0.6
5198,0.6
5199,0.6
5200,0.6
5201,0.6
5202,0.6
5203,0.6
5204,0.6
5205,0.6
5206,0.6
5207,0.3
5208,0.3
5209,0.3
5210,0.3
5211,0.3
5212,0.3
5213,0.3
5214,0.3
5215,0.7
5216,0.7
5217,0.3
5218,0.3
5219,0.3
5220,0.3
5221,0.3
5222,0.3
5223,0.3
5224,0.3
5225,0.7
5226,0.7
5227,0.7
5228,0.7
5229,0.7
5230,0.3
5231,0.3
5232,0.3
5233,0.3
5234,0.3
5235,0.3
5236,0.3
5237,0.3
5238,0.3
5239,0.7
5240,0.7
5241,0.3
5242,0.3
5243,0.3
5244,0.3
5245,0.3
5246,0.3
5247,0.3
5248,0.3
5249,0.7
5250,0.7
5251,0.7
5252,0.7
5253,0.7
5254,0.3
5255,0.3
5256,0.3
5257,0.3
5258,0.3
5259,0.3
5260,0.3
5261,0.3
5262,0.3
5263,0.7
5264,0.7
5265,0.3
5266,0.3
5267,0.3
5268,0.3
5269,0.3
5270,0.3
5271,0.3
5272,0.3
5273,0.7
5274,0.7
5275,0.7
5276,0.7
5277,0.7
5278,0.3
5279,0.3
5280,0.3
5281,0.3
5282,0.3
5283,0.3
5284,0.3
5285,0.3
5286,0.3
5287,0.7
5288,0.7
5289,0.3
5290,0.3
5291,0.3
5292,0.3
5293,0.3
5294,0.3
5295,0.3
5296,0.3
5297,0.7
5298,0.7
5299,0.7
5300,0.7
5301,0.7
5302,0.3
5303,0.3
5304,0.3
5305,0.3
5306,0.3
5307,0.3
5308,0.3
5309,0.3
5310,0.3
5311,0.7
5312,0.7
5313,0.3
5314,0.3
5315,0.3
5316,0.3
5317,0.3
5318,0.3
5319,0.3
5320,0.3
5321,0.7
5322,0.7
5323,0.7
5324,0.7
5325,0.7
5326,0.3
5327,0.3
5328,0.3
5329,0.3
5330,0.3
5331,0.3
5332,0.3
5333,0.3
5334,0.3
5335,0.3
5336,0.3
5337,0.6
5338,0.6
5339,0.6
5340,0.6
5341,0.6
5342,0.6
5343,0.6
5344,0.6
5345,0.6
5346,0.6
5347,0.6
5348,0.6
5349,0.6
5350,0.6
5351,0.3
5352,0.3
5353,0.3
5354,0.3
5355,0.3
5356,0.3
5357,0.3
5358,0.3
5359,0.3
5360,0.3
5361,0.6
5362,0.6
5363,0.6
5364,0.6
5365,0.6
5366,0.6
5367,0.6
5368,0.6
5369,0.6
5370,0.6
5371,0.6
5372,0.6
5373,0.6
5374,0.6
5375,0.3
5376,0.3
5377,0.3
5378,0.3
5379,0.3
5380,0.3
5381,0.3
5382,0.3
5383,0.7
5384,0.7
5385,0.3
5386,0.3
5387,0.3
5388,0.3
5389,0.3
5390,0.3
5391,0.3
5392,0.3
5393,0.7
5394,0.7
5395,0.7
5396,0.7
5397,0.7
5398,0.3
5399,0.3
5400,0.3
5401,0.3
5402,0.3
5403,0.3
5404,0.3
5405,0.3
5406,0.3
5407,0.7
5408,0.7
5409,0.3
5410,0.3
5411,0.3
5412,0.3
5413,0.3
5414,0.3
5415,0.3
5416,0.3
5417,0.7
5418,0.7
5419,0.7
5420,0.7
5421,0.7
5422,0.3
5423,0.3
5424,0.3
5425,0.3
5426,0.3
5427,0.3
5428,0.3
5429,0.3
5430,0.3
5431,0.7
5432,0.7
5433,0.3
5434,0.3
5435,0.3
5436,0.3
5437,0.3
5438,0.3
5439,0.3
5440,0.3
5441,0.7
5442,0.7
5443,0.7
5444,0.7
5445,0.7
5446,0.3
5447,0.3
5448,0.3
5449,0.3
5450,0.3
5451,0.3
5452,0.3
5453,0.3
5454,0.3
5455,0.7
5456,0.7
5457,0.3
5458,0.3
5459,0.3
5460,0.3
5461,0.3
5462,0.3
5463,0.3
5464,0.3
5465,0.7
5466,0.7
5467,0.7
5468,0.7
5469,0.7
5470,0.3
5471,0.3
5472,0.3
5473,0.3
5474,0.3
5475,0.3
5476,0.3
5477,0.3
5478,0.3
5479,0.7
5480,0.7
5481,0.3
5482,0.3
5483,0.3
5484,0.3
5485,0.3
5486,0.3
5487,0.3
5488,0.3
5489,0.7
5490,0.7
5491,0.7
5492,0.7
5493,0.7
5494,0.3
5495,0.3
5496,0.3
5497,0.3
5498,0.3
5499,0.3
5500,0.3
5501,0.3
5502,0.3
5503,0.3
5504,0.3
5505,0.6
5506,0.6
5507,0.6
5508,0.6
5509,0.6
5510,0.6
5511,0.6
5512,0.6
5513,0.6
5514,0.6
5515,0.6
5516,0.6
5517,0.6
5518,0.6
5519,0.3
5520,0.3
5521,0.3
5522,0.3
5523,0.3
5524,0.3
5525,0.3
5526,0.3
5527,0.3
5528,0.3
5529,0.6
5530,0.6
5531,0.6
5532,0.6
5533,0.6
5534,0.6
5535,0.6
5536,0.6
5537,0.6
5538,0.6
5539,0.6
5540,0.6
5541,0.6
5542,0.6
5543,0.3
5544,0.3
5545,0.3
5546,0.3
5547,0.3
5548,0.3
5549,0.3
5550,0.3
5551,0.7
5552,0.7
5553,0.3
5554,0.3
5555,0.3
5556,0.3
5557,0.3
5558,0.3
5559,0.3
5560,0.3
5561,0.7
5562,0.7
5563,0.7
5564,0.7
5565,0.7
5566,0.3
5567,0.3
5568,0.3
5569,0.3
5570,0.3
5571,0.3
5572,0.3
5573,0.3
5574,0.3
5575,0.7
5576,0.7
5577,0.3
5578,0.3
5579,0.3
5580,0.3
5581,0.3
5582,0.3
5583,0.3
5584,0.3
5585,0.7
5586,0.7
5587,0.7
5588,0.7
5589,0.7
5590,0.3
5591,0.3
5592,0.3
5593,0.3
5594,0.3
5595,0.3
5596,0.3
5597,0.3
5598,0.3
5599,0.7
5600,0.7
5601,0.3
5602,0.3
5603,0.3
5604,0.3
5605,0.3
5606,0.3
5607,0.3
5608,0.3
5609,0.7
5610,0.7
5611,0.7
5612,0.7
5613,0.7
5614,0.3
5615,0.3
5616,0.3
5617,0.3
5618,0.3
5619,0.3
5620,0.3
5621,0.3
5622,0.3
5623,0.7
5624,0.7
5625,0.3
5626,0.3
5627,0.3
5628,0.3
5629,0.3
5630,0.3
5631,0.3
5632,0.3
5633,0.7
5634,0.7
5635,0.7
5636,0.7
5637,0.7
5638,0.3
5639,0.3
5640,0.3
5641,0.3
5642,0.3
5643,0.3
5644,0.3
5645,0.3
5646,0.3
5647,0.7
5648,0.7
5649,0.3
5650,0.3
5651,0.3
5652,0.3
5653,0.3
5654,0.3
5655,0.3
5656,0.3
5657,0.7
5658,0.7
5659,0.7
5660,0.7
5661,0.7
5662,0.3
5663,0.3
5664,0.3
5665,0.3
5666,0.3
5667,0.3
5668,0.3
5669,0.3
5670,0.3
5671,0.3
5672,0.3
5673,0.6
5674,0.6
5675,0.6
5676,0.6
5677,0.6
5678,0.6
5679,0.6
5680,0.6
5681,0.6
5682,0.6
5683,0.6
5684,0.6
5685,0.6
5686,0.6
5687,0.3
5688,0.3
5689,0.3
5690,0.3
5691,0.3
5692,0.3
5693,0.3
5694,0.3
5695,0.3
5696,0.3
5697,0.6
5698,0.6
5699,0.6
5700,0.6
5701,0.6
5702,0.6
5703,0.6
5704,0.6
5705,0.6
5706,0.6
5707,0.6
5708,0.6
5709,0.6
5710,0.6
5711,0.3
5712,0.3
5713,0.3
5714,0.3
5715,0.3
5716,0.3
5717,0.3
5718,0.3
5719,0.7
5720,0.7
5721,0.3
5722,0.3
5723,0.3
5724,0.3
5725,0.3
5726,0.3
5727,0.3
5728,0.3
5729,0.7
5730,0.7
5731,0.7
5732,0.7
5733,0.7
5734,0.3
5735,0.3
5736,0.3
5737,0.3
5738,0.3
5739,0.3
5740,0.3
5741,0.3
5742,0.3
5743,0.7
5744,0.7
5745,0.3
5746,0.3
5747,0.3
5748,0.3
5749,0.3
5750,0.3
5751,0.3
5752,0.3
5753,0.7
5754,0.7
5755,0.7
5756,0.7
5757,0.7
5758,0.3
5759,0.3
5760,0.3
5761,0.3
5762,0.3
5763,0.3
5764,0.3
5765,0.3
5766,0.3
5767,0.7
5768,0.7
5769,0.3
5770,0.3
5771,0.3
5772,0.3
5773,0.3
5774,0.3
5775,0.3
5776,0.3
5777,0.7
5778,0.7
5779,0.7
5780,0.7
5781,0.7
5782,0.3
5783,0.3
5784,0.3
5785,0.3
5786,0.3
5787,0.3
5788,0.3
5789,0.3
5790,0.3
5791,0.7
5792,0.7
5793,0.3
5794,0.3
5795,0.3
5796,0.3
5797,0.3
5798,0.3
5799,0.3
5800,0.3
5801,0.7
5802,0.7
5803,0.7
5804,0.7
5805,0.7
5806,0.3
5807,0.3
5808,0.3
5809,0.3
5810,0.3
5811,0.3
5812,0.3
5813,0.3
5814,0.3
5815,0.7
5816,0.7
5817,0.3
5818,0.3
5819,0.3
5820,0.3
5821,0.3
5822,0.3
5823,0.3
5824,0.3
5825,0.7
5826,0.7
5827,0.7
5828,0.7
5829,0.7
5830,0.3
5831,0.3
5832,0.3
5833,0.3
5834,0.3
5835,0.3
5836,0.3
5837,0.3
5838,0.3
5839,0.3
5840,0.3
5841,0.6
5842,0.6
5843,0.6
5844,0.6
5845,0.6
5846,0.6
5847,0.6
5848,0.6
5849,0.6
5850,0.6
5851,0.6
5852,0.6
5853,0.6
5854,0.6
5855,0.3
5856,0.3
5857,0.3
5858,0.3
5859,0.3
5860,0.3
5861,0.3
5862,0.3
5863,0.3
5864,0.3
5865,0.6
5866,0.6
5867,0.6
5868,0.6
5869,0.6
5870,0.6
5871,0.6
5872,0.6
5873,0.6
5874,0.6
5875,0.6
5876,0.6
5877,0.6
5878,0.6
5879,0.3
5880,0.3
5881,0.3
5882,0.3
5883,0.3
5884,0.3
5885,0.3
5886,0.3
5887,0.7
5888,0.7
5889,0.3
5890,0.3
5891,0.3
5892,0.3
5893,0.3
5894,0.3
5895,0.3
5896,0.3
5897,0.7
5898,0.7
5899,0.7
5900,0.7
5901,0.7
5902,0.3
5903,0.3
5904,0.3
5905,0.3
5906,0.3
5907,0.3
5908,0.3
5909,0.3
5910,0.3
5911,0.7
5912,0.7
5913,0.3
5914,0.3
5915,0.3
5916,0.3
5917,0.3
5918,0.3
5919,0.3
5920,0.3
5921,0.7
5922,0.7
5923,0.7
5924,0.7
5925,0.7
5926,0.3
5927,0.3
5928,0.3
5929,0.3
5930,0.3
5931,0.3
5932,0.3
5933,0.3
5934,0.3
5935,0.7
5936,0.7
5937,0.3
5938,0.3
5939,0.3
5940,0.3
5941,0.3
5942,0.3
5943,0.3
5944,0.3
5945,0.7
5946,0.7
5947,0.7
5948,0.7
5949,0.7
5950,0.3
5951,0.3
5952,0.3
5953,0.3
5954,0.3
5955,0.3
5956,0.3
5957,0.3
5958,0.3
5959,0.7
5960,0.7
5961,0.3
5962,0.3
5963,0.3
5964,0.3
5965,0.3
5966,0.3
5967,0.3
5968,0.3
5969,0.7
5970,0.7
5971,0.7
5972,0.7
5973,0.7
5974,0.3
5975,0.3
5976,0.3
5977,0.3
5978,0.3
5979,0.3
5980,0.3
5981,0.3
5982,0.3
5983,0.7
5984,0.7
5985,0.3
5986,0.3
5987,0.3
5988,0.3
5989,0.3
5990,0.3
5991,0.3
5992,0.3
5993,0.7
5994,0.7
5995,0.7
5996,0.7
5997,0.7
5998,0.3
5999,0.3
6000,0.3
6001,0.3
6002,0.3
6003,0.3
6004,0.3
6005,0.3
6006,0.3
6007,0.3
6008,0.3
6009,0.6
6010,0.6
6011,0.6
6012,0.6
6013,0.6
6014,0.6
6015,0.6
6016,0.6
6017,0.6
6018,0.6
6019,0.6
6020,0.6
6021,0.6
6022,0.6
6023,0.3
6024,0.3
6025,0.3
6026,0.3
6027,0.3
6028,0.3
6029,0.3
6030,0.3
6031,0.3
6032,0.3
6033,0.6
6034,0.6
6035,0.6
6036,0.6
6037,0.6
6038,0.6
6039,0.6
6040,0.6
6041,0.6
6042,0.6
6043,0.6
6044,0.6
6045,0.6
6046,0.6
6047,0.3
6048,0.3
6049,0.3
6050,0.3
6051,0.3
6052,0.3
6053,0.3
6054,0.3
6055,0.7
6056,0.7
6057,0.3
6058,0.3
6059,0.3
6060,0.3
6061,0.3
6062,0.3
6063,0.3
6064,0.3
6065,0.7
6066,0.7
6067,0.7
6068,0.7
6069,0.7
6070,0.3
6071,0.3
6072,0.3
6073,0.3
6074,0.3
6075,0.3
6076,0.3
6077,0.3
6078,0.3
6079,0.7
6080,0.7
6081,0.3
6082,0.3
6083,0.3
6084,0.3
6085,0.3
6086,0.3
6087,0.3
6088,0.3
6089,0.7
6090,0.7
6091,0.7
6092,0.7
6093,0.7
6094,0.3
6095,0.3
6096,0.3
6097,0.3
6098,0.3
6099,0.3
6100,0.3
6101,0.3
6102,0.3
6103,0.7
6104,0.7
6105,0.3
6106,0.3
6107,0.3
6108,0.3
6109,0.3
6110,0.3
6111,0.3
6112,0.3
6113,0.7
6114,0.7
6115,0.7
6116,0.7
6117,0.7
6118,0.3
6119,0.3
6120,0.3
6121,0.3
6122,0.3
6123,0.3
6124,0.3
6125,0.3
6126,0.3
6127,0.7
6128,0.7
6129,0.3
6130,0.3
6131,0.3
6132,0.3
6133,0.3
6134,0.3
6135,0.3
6136,0.3
6137,0.7
6138,0.7
6139,0.7
6140,0.7
6141,0.7
6142,0.3
6143,0.3
6144,0.3
6145,0.3
6146,0.3
6147,0.3
6148,0.3
6149,0.3
6150,0.3
6151,0.7
6152,0.7
6153,0.3
6154,0.3
6155,0.3
6156,0.3
6157,0.3
6158,0.3
6159,0.3
6160,0.3
6161,0.7
6162,0.7
6163,0.7
6164,0.7
6165,0.7
6166,0.3
6167,0.3
6168,0.3
6169,0.3
6170,0.3
6171,0.3
6172,0.3
6173,0.3
6174,0.3
6175,0.3
6176,0.3
6177,0.6
6178,0.6
6179,0.6
6180,0.6
6181,0.6
6182,0.6
6183,0.6
6184,0.6
6185,0.6
6186,0.6
6187,0.6
6188,0.6
6189,0.6
6190,0.6
6191,0.3
6192,0.3
6193,0.3
6194,0.3
6195,0.3
6196,0.3
6197,0.3
6198,0.3
6199,0.3
6200,0.3
6201,0.6
6202,0.6
6203,0.6
6204,0.6
6205,0.6
6206,0.6
6207,0.6
6208,0.6
6209,0.6
6210,0.6
6211,0.6
6212,0.6
6213,0.6
6214,0.6
6215,0.3
6216,0.3
6217,0.3
6218,0.3
6219,0.3
6220,0.3
6221,0.3
6222,0.3
6223,0.7
6224,0.7
6225,0.3
6226,0.3
6227,0.3
6228,0.3
6229,0.3
6230,0.3
6231,0.3
6232,0.3
6233,0.7
6234,0.7
6235,0.7
6236,0.7
6237,0.7
6238,0.3
6239,0.3
6240,0.3
6241,0.3
6242,0.3
6243,0.3
6244,0.3
6245,0.3
6246,0.3
6247,0.7
6248,0.7
6249,0.3
6250,0.3
6251,0.3
6252,0.3
6253,0.3
6254,0.3
6255,0.3
6256,0.3
6257,0.7
6258,0.7
6259,0.7
6260,0.7
6261,0.7
6262,0.3
6263,0.3
6264,0.3
6265,0.3
6266,0.3
6267,0.3
6268,0.3
6269,0.3
6270,0.3
6271,0.7
6272,0.7
6273,0.3
6274,0.3
6275,0.3
6276,0.3
6277,0.3
6278,0.3
6279,0.3
6280,0.3
6281,0.7
6282,0.7
6283,0.7
6284,0.7
6285,0.7
6286,0.3
6287,0.3
6288,0.3
6289,0.3
6290,0.3
6291,0.3
6292,0.3
6293,0.3
6294,0.3
6295,0.7
6296,0.7
6297,0.3
6298,0.3
6299,0.3
6300,0.3
6301,0.3
6302,0.3
6303,0.3
6304,0.3
6305,0.7
6306,0.7
6307,0.7
6308,0.7
6309,0.7
6310,0.3
6311,0.3
6312,0.3
6313,0.3
6314,0.3
6315,0.3
6316,0.3
6317,0.3
6318,0.3
6319,0.7
6320,0.7
6321,0.3
6322,0.3
6323,0.3
6324,0.3
6325,0.3
6326,0.3
6327,0.3
6328,0.3
6329,0.7
6330,0.7
6331,0.7
6332,0.7
6333,0.7
6334,0.3
6335,0.3
6336,0.3
6337,0.3
6338,0.3
6339,0.3
6340,0.3
6341,0.3
6342,0.3
6343,0.3
6344,0.3
6345,0.6
6346,0.6
6347,0.6
6348,0.6
6349,0.6
6350,0.6
6351,0.6
6352,0.6
6353,0.6
6354,0.6
6355,0.6
6356,0.6
6357,0.6
6358,0.6
6359,0.3
6360,0.3
6361,0.3
6362,0.3
6363,0.3
6364,0.3
6365,0.3
6366,0.3
6367,0.3
6368,0.3
6369,0.6
6370,0.6
6371,0.6
6372,0.6
6373,0.6
6374,0.6
6375,0.6
6376,0.6
6377,0.6
6378,0.6
6379,0.6
6380,0.6
6381,0.6
6382,0.6
6383,0.3
6384,0.3
6385,0.3
6386,0.3
6387,0.3
6388,0.3
6389,0.3
6390,0.3
6391,0.7
6392,0.7
6393,0.3
6394,0.3
6395,0.3
6396,0.3
6397,0.3
6398,0.3
6399,0.3
6400,0.3
6401,0.7
6402,0.7
6403,0.7
6404,0.7
6405,0.7
6406,0.3
6407,0.3
6408,0.3
6409,0.3
6410,0.3
6411,0.3
6412,0.3
6413,0.3
6414,0.3
6415,0.7
6416,0.7
6417,0.3
6418,0.3
6419,0.3
6420,0.3
6421,0.3
6422,0.3
6423,0.3
6424,0.3
6425,0.7
6426,0.7
6427,0.7
6428,0.7
6429,0.7
6430,0.3
6431,0.3
6432,0.3
6433,0.3
6434,0.3
6435,0.3
6436,0.3
6437,0.3
6438,0.3
6439,0.7
6440,0.7
6441,0.3
6442,0.3
6443,0.3
6444,0.3
6445,0.3
6446,0.3
6447,0.3
6448,0.3
6449,0.7
6450,0.7
6451,0.7
6452,0.7
6453,0.7
6454,0.3
6455,0.3
6456,0.3
6457,0.3
6458,0.3
6459,0.3
6460,0.3
6461,0.3
6462,0.3
6463,0.7
6464,0.7
6465,0.3
6466,0.3
6467,0.3
6468,0.3
6469,0.3
6470,0.3
6471,0.3
6472,0.3
6473,0.7
6474,0.7
6475,0.7
6476,0.7
6477,0.7
6478,0.3
6479,0.3
6480,0.3
6481,0.3
6482,0.3
6483,0.3
6484,0.3
6485,0.3
6486,0.3
6487,0.7
6488,0.7
6489,0.3
6490,0.3
6491,0.3
6492,0.3
6493,0.3
6494,0.3
6495,0.3
6496,0.3
6497,0.7
6498,0.7
6499,0.7
6500,0.7
6501,0.7
6502,0.3
6503,0.3
6504,0.3
6505,0.3
6506,0.3
6507,0.3
6508,0.3
6509,0.3
6510,0.3
6511,0.3
6512,0.3
6513,0.6
6514,0.6
6515,0.6
6516,0.6
6517,0.6
6518,0.6
6519,0.6
6520,0.6
6521,0.6
6522,0.6
6523,0.6
6524,0.6
6525,0.6
6526,0.6
6527,0.3
6528,0.3
6529,0.3
6530,0.3
6531,0.3
6532,0.3
6533,0.3
6534,0.3
6535,0.3
6536,0.3
6537,0.6
6538,0.6
6539,0.6
6540,0.6
6541,0.6
6542,0.6
6543,0.6
6544,0.6
6545,0.6
6546,0.6
6547,0.6
6548,0.6
6549,0.6
6550,0.6
6551,0.3
6552,0.3
6553,0.3
6554,0.3
6555,0.3
6556,0.3
6557,0.3
6558,0.3
6559,0.7
6560,0.7
6561,0.3
6562,0.3
6563,0.3
6564,0.3
6565,0.3
6566,0.3
6567,0.3
6568,0.3
6569,0.7
6570,0.8999999999999999
6571,0.8999999999999999
6572,0.8999999999999999
6573,0.8999999999999999
6574,0.5
6575,0.3
6576,0.3
6577,0.3
6578,0.3
6579,0.3
6580,0.3
6581,0.3
6582,0.5
6583,0.8999999999999999
6584,0.7
6585,0.3
6586,0.3
6587,0.3
6588,0.3
6589,0.3
6590,0.3
6591,0.3
6592,0.3
6593,0.7
6594,0.8999999999999999
6595,0.8999999999999999
6596,0.8999999999999999
6597,0.8999999999999999
6598,0.5
6599,0.3
6600,0.3
6601,0.3
6602,0.3
6603,0.3
6604,0.3
6605,0.3
6606,0.5
6607,0.8999999999999999
6608,0.7
6609,0.3
6610,0.3
6611,0.3
6612,0.3
6613,0.3
6614,0.3
6615,0.3
6616,0.3
6617,0.7
6618,0.8999999999999999
6619,0.8999999999999999
6620,0.8999999999999999
6621,0.8999999999999999
6622,0.5
6623,0.3
6624,0.3
6625,0.3
6626,0.3
6627,0.3
6628,0.3
6629,0.3
6630,0.5
6631,0.8999999999999999
6632,0.7
6633,0.3
6634,0.3
6635,0.3
6636,0.3
6637,0.3
6638,0.3
6639,0.3
6640,0.3
6641,0.7
6642,0.8999999999999999
6643,0.8999999999999999
6644,0.8999999999999999
6645,0.8999999999999999
6646,0.5
6647,0.3
6648,0.3
6649,0.3
6650,0.3
6651,0.3
6652,0.3
6653,0.3
6654,0.5
6655,0.8999999999999999
6656,0.7
6657,0.3
6658,0.3
6659,0.3
6660,0.3
6661,0.3
6662,0.3
6663,0.3
6664,0.3
6665,0.7
6666,0.8999999999999999
6667,0.8999999999999999
6668,0.8999999999999999
6669,0.8999999999999999
6670,0.5
6671,0.3
6672,0.3
6673,0.3
6674,0.3
6675,0.3
6676,0.3
6677,0.3
6678,0.5
6679,0.5
6680,0.3
6681,0.6
6682,0.6
6683,0.6
6684,0.6
6685,0.6
6686,0.6
6687,0.6
6688,0.6
6689,0.6
6690,0.8
6691,0.8
6692,0.8
6693,0.8
6694,0.8
6695,0.3
6696,0.3
6697,0.3
6698,0.3
6699,0.3
6700,0.3
6701,0.3
6702,0.5
6703,0.5
6704,0.3
6705,0.6
6706,0.6
6707,0.6
6708,0.6
6709,0.6
6710,0.6
6711,0.6
6712,0.6
6713,0.6
6714,0.8
6715,0.8
6716,0.8
6717,0.8
6718,0.8
6719,0.3
6720,0.3
6721,0.3
6722,0.3
6723,0.3
6724,0.3
6725,0.3
6726,0.5
6727,0.8999999999999999
6728,0.7
6729,0.3
6730,0.3
6731,0.3
6732,0.3
6733,0.3
6734,0.3
6735,0.3
6736,0.3
6737,0.7
6738,0.8999999999999999
6739,0.8999999999999999
6740,0.8999999999999999
6741,0.8999999999999999
6742,0.5
6743,0.3
6744,0.3
6745,0.3
6746,0.3
6747,0.3
6748,0.3
6749,0.3
6750,0.5
6751,0.8999999999999999
6752,0.7
6753,0.3
6754,0.3
6755,0.3
6756,0.3
6757,0.3
6758,0.3
6759,0.3
6760,0.3
6761,0.7
6762,0.8999999999999999
6763,0.8999999999999999
6764,0.8999999999999999
6765,0.8999999999999999
6766,0.5
6767,0.3
6768,0.3
6769,0.3
6770,0.3
6771,0.3
6772,0.3
6773,0.3
6774,0.5
6775,0.8999999999999999
6776,0.7
6777,0.3
6778,0.3
6779,0.3
6780,0.3
6781,0.3
6782,0.3
6783,0.3
6784,0.3
6785,0.7
6786,0.8999999999999999
6787,0.8999999999999999
6788,0.8999999999999999
6789,0.8999999999999999
6790,0.5
6791,0.3
6792,0.3
6793,0.3
6794,0.3
6795,0.3
6796,0.3
6797,0.3
6798,0.5
6799,0.8999999999999999
6800,0.7
6801,0.3
6802,0.3
6803,0.3
6804,0.3
6805,0.3
6806,0.3
6807,0.3
6808,0.3
6809,0.7
6810,0.8999999999999999
6811,0.8999999999999999
6812,0.8999999999999999
6813,0.8999999999999999
6814,0.5
6815,0.3
6816,0.3
6817,0.3
6818,0.3
6819,0.3
6820,0.3
6821,0.3
6822,0.5
6823,0.8999999999999999
6824,0.7
6825,0.3
6826,0.3
6827,0.3
6828,0.3
6829,0.3
6830,0.3
6831,0.3
6832,0.3
6833,0.7
6834,0.8999999999999999
6835,0.8999999999999999
6836,0.8999999999999999
6837,0.8999999999999999
6838,0.5
6839,0.3
6840,0.3
6841,0.3
6842,0.3
6843,0.3
6844,0.3
6845,0.3
6846,0.5
6847,0.5
6848,0.3
6849,0.6
6850,0.6
6851,0.6
6852,0.6
6853,0.6
6854,0.6
6855,0.6
6856,0.6
6857,0.6
6858,0.8
6859,0.8
6860,0.8
6861,0.8
6862,0.8
6863,0.3
6864,0.3
6865,0.3
6866,0.3
6867,0.3
6868,0.3
6869,0.3
6870,0.5
6871,0.5
6872,0.3
6873,0.6
6874,0.6
6875,0.6
6876,0.6
6877,0.6
6878,0.6
6879,0.6
6880,0.6
6881,0.6
6882,0.8
6883,0.8
6884,0.8
6885,0.8
6886,0.8
6887,0.3
6888,0.3
6889,0.3
6890,0.3
6891,0.3
6892,0.3
6893,0.3
6894,0.5
6895,0.8999999999999999
6896,0.7
6897,0.3
6898,0.3
6899,0.3
6900,0.3
6901,0.3
6902,0.3
6903,0.3
6904,0.3
6905,0.7
6906,0.8999999999999999
6907,0.8999999999999999
6908,0.8999999999999999
6909,0.8999999999999999
6910,0.5
6911,0.3
6912,0.3
6913,0.3
6914,0.3
6915,0.3
6916,0.3
6917,0.3
6918,0.5
6919,0.8999999999999999
6920,0.7
6921,0.3
6922,0.3
6923,0.3
6924,0.3
6925,0.3
6926,0.3
6927,0.3
6928,0.3
6929,0.7
6930,0.8999999999999999
6931,0.8999999999999999
6932,0.8999999999999999
6933,0.8999999999999999
6934,0.5
6935,0.3
6936,0.3
6937,0.3
6938,0.3
6939,0.3
6940,0.3
6941,0.3
6942,0.5
6943,0.8999999999999999
6944,0.7
6945,0.3
6946,0.3
6947,0.3
6948,0.3
6949,0.3
6950,0.3
6951,0.3
6952,0.3
6953,0.7
6954,0.8999999999999999
6955,0.8999999999999999
6956,0.8999999999999999
6957,0.8999999999999999
6958,0.5
6959,0.3
6960,0.3
6961,0.3
6962,0.3
6963,0.3
6964,0.3
6965,0.3
6966,0.5
6967,0.8999999999999999
6968,0.7
6969,0.3
6970,0.3
6971,0.3
6972,0.3
6973,0.3
6974,0.3
6975,0.3
6976,0.3
6977,0.7
6978,0.8999999999999999
6979,0.8999999999999999
6980,0.8999999999999999
6981,0.8999999999999999
6982,0.5
6983,0.3
6984,0.3
6985,0.3
6986,0.3
6987,0.3
6988,0.3
6989,0.3
6990,0.5
6991,0.8999999999999999
6992,0.7
6993,0.3
6994,0.3
6995,0.3
6996,0.3
6997,0.3
6998,0.3
6999,0.3
7000,0.3
7001,0.7
7002,0.8999999999999999
7003,0.8999999999999999
7004,0.8999999999999999
7005,0.8999999999999999
7006,0.5
7007,0.3
7008,0.3
7009,0.3
7010,0.3
7011,0.3
7012,0.3
7013,0.3
7014,0.5
7015,0.5
7016,0.3
7017,0.6
7018,0.6
7019,0.6
7020,0.6
7021,0.6
7022,0.6
7023,0.6
7024,0.6
7025,0.6
7026,0.8
7027,0.8
7028,0.8
7029,0.8
7030,0.8
7031,0.3
7032,0.3
7033,0.3
7034,0.3
7035,0.3
7036,0.3
7037,0.3
7038,0.5
7039,0.5
7040,0.3
7041,0.6
7042,0.6
7043,0.6
7044,0.6
7045,0.6
7046,0.6
7047,0.6
7048,0.6
7049,0.6
7050,0.8
7051,0.8
7052,0.8
7053,0.8
7054,0.8
7055,0.3
7056,0.3
7057,0.3
7058,0.3
7059,0.3
7060,0.3
7061,0.3
7062,0.5
7063,0.8999999999999999
7064,0.7
7065,0.3
7066,0.3
7067,0.3
7068,0.3
7069,0.3
7070,0.3
7071,0.3
7072,0.3
7073,0.7
7074,0.8999999999999999
7075,0.8999999999999999
7076,0.8999999999999999
7077,0.8999999999999999
7078,0.5
7079,0.3
7080,0.3
7081,0.3
7082,0.3
7083,0.3
7084,0.3
7085,0.3
7086,0.5
7087,0.8999999999999999
7088,0.7
7089,0.3
7090,0.3
7091,0.3
7092,0.3
7093,0.3
7094,0.3
7095,0.3
7096,0.3
7097,0.7
7098,0.8999999999999999
7099,0.8999999999999999
7100,0.8999999999999999
7101,0.8999999999999999
7102,0.5
7103,0.3
7104,0.3
7105,0.3
7106,0.3
7107,0.3
7108,0.3
7109,0.3
7110,0.5
7111,0.8999999999999999
7112,0.7
7113,0.3
7114,0.3
7115,0.3
7116,0.3
7117,0.3
7118,0.3
7119,0.3
7120,0.3
7121,0.7
7122,0.8999999999999999
7123,0.8999999999999999
7124,0.8999999999999999
7125,0.8999999999999999
7126,0.5
7127,0.3
7128,0.3
7129,0.3
7130,0.3
7131,0.3
7132,0.3
7133,0.3
7134,0.5
7135,0.8999999999999999
7136,0.7
7137,0.3
7138,0.3
7139,0.3
7140,0.3
7141,0.3
7142,0.3
7143,0.3
7144,0.3
7145,0.7
7146,0.8999999999999999
7147,0.8999999999999999
7148,0.8999999999999999
7149,0.8999999999999999
7150,0.5
7151,0.3
7152,0.3
7153,0.3
7154,0.3
7155,0.3
7156,0.3
7157,0.3
7158,0.5
7159,0.8999999999999999
7160,0.7
7161,0.3
7162,0.3
7163,0.3
7164,0.3
7165,0.3
7166,0.3
7167,0.3
7168,0.3
7169,0.7
7170,0.8999999999999999
7171,0.8999999999999999
7172,0.8999999999999999
7173,0.8999999999999999
7174,0.5
7175,0.3
7176,0.3
7177,0.3
7178,0.3
7179,0.3
7180,0.3
7181,0.3
7182,0.5
7183,0.5
7184,0.3
7185,0.6
7186,0.6
7187,0.6
7188,0.6
7189,0.6
7190,0.6
7191,0.6
7192,0.6
7193,0.6
7194,0.8
7195,0.8
7196,0.8
7197,0.8
7198,0.8
7199,0.3
7200,0.3
7201,0.3
7202,0.3
7203,0.3
7204,0.3
7205,0.3
7206,0.5
7207,0.5
7208,0.3
7209,0.6
7210,0.6
7211,0.6
7212,0.6
7213,0.6
7214,0.6
7215,0.6
7216,0.6
7217,0.6
7218,0.8
7219,0.8
7220,0.8
7221,0.8
7222,0.8
7223,0.3
7224,0.3
7225,0.3
7226,0.3
7227,0.3
7228,0.3
7229,0.3
7230,0.5
7231,0.8999999999999999
7232,0.7
7233,0.3
7234,0.3
7235,0.3
7236,0.3
7237,0.3
7238,0.3
7239,0.3
7240,0.3
7241,0.7
7242,0.8999999999999999
7243,0.8999999999999999
7244,0.8999999999999999
7245,0.8999999999999999
7246,0.5
7247,0.3
7248,0.3
7249,0.3
7250,0.3
7251,0.3
7252,0.3
7253,0.3
7254,0.5
7255,0.8999999999999999
7256,0.7
7257,0.3
7258,0.3
7259,0.3
7260,0.3
7261,0.3
7262,0.3
7263,0.3
7264,0.3
7265,0.7
7266,0.8999999999999999
7267,0.8999999999999999
7268,0.8999999999999999
7269,0.8999999999999999
7270,0.5
7271,0.3
7272,0.3
7273,0.3
7274,0.3
7275,0.3
7276,0.3
7277,0.3
7278,0.5
7279,0.8999999999999999
7280,0.7
7281,0.3
7282,0.3
7283,0.3
7284,0.3
7285,0.3
7286,0.3
7287,0.3
7288,0.3
7289,0.7
7290,0.8999999999999999
7291,0.8999999999999999
7292,0.8999999999999999
7293,0.8999999999999999
7294,0.5
7295,0.3
7296,0.3
7297,0.3
7298,0.3
7299,0.3
7300,0.3
7301,0.3
7302,0.5
7303,0.8999999999999999
7304,0.7
7305,0.3
7306,0.3
7307,0.3
7308,0.3
7309,0.3
7310,0.3
7311,0.3
7312,0.3
7313,0.7
7314,0.8999999999999999
7315,0.8999999999999999
7316,0.8999999999999999
7317,0.8999999999999999
7318,0.5
7319,0.3
7320,0.3
7321,0.3
7322,0.3
7323,0.3
7324,0.3
7325,0.3
7326,0.5
7327,0.8999999999999999
7328,0.7
7329,0.3
7330,0.3
7331,0.3
7332,0.3
7333,0.3
7334,0.3
7335,0.3
7336,0.3
7337,0.7
7338,0.8999999999999999
7339,0.8999999999999999
7340,0.8999999999999999
7341,0.8999999999999999
7342,0.5
7343,0.3
7344,0.3
7345,0.3
7346,0.3
7347,0.3
7348,0.3
7349,0.3
7350,0.5
7351,0.5
7352,0.3
7353,0.6
7354,0.6
7355,0.6
7356,0.6
7357,0.6
7358,0.6
7359,0.6
7360,0.6
7361,0.6
7362,0.8
7363,0.8
7364,0.8
7365,0.8
7366,0.8
7367,0.3
7368,0.3
7369,0.3
7370,0.3
7371,0.3
7372,0.3
7373,0.3
7374,0.5
7375,0.5
7376,0.3
7377,0.6
7378,0.6
7379,0.6
7380,0.6
7381,0.6
7382,0.6
7383,0.6
7384,0.6
7385,0.6
7386,0.8
7387,0.8
7388,0.8
7389,0.8
7390,0.8
7391,0.3
7392,0.3
7393,0.3
7394,0.3
7395,0.3
7396,0.3
7397,0.3
7398,0.5
7399,0.8999999999999999
7400,0.7
7401,0.3
7402,0.3
7403,0.3
7404,0.3
7405,0.3
7406,0.3
7407,0.3
7408,0.3
7409,0.7
7410,0.8999999999999999
7411,0.8999999999999999
7412,0.8999999999999999
7413,0.8999999999999999
7414,0.5
7415,0.3
7416,0.3
7417,0.3
7418,0.3
7419,0.3
7420,0.3
7421,0.3
7422,0.5
7423,0.8999999999999999
7424,0.7
7425,0.3
7426,0.3
7427,0.3
7428,0.3
7429,0.3
7430,0.3
7431,0.3
7432,0.3
7433,0.7
7434,0.8999999999999999
7435,0.8999999999999999
7436,0.8999999999999999
7437,0.8999999999999999
7438,0.5
7439,0.3
7440,0.3
7441,0.3
7442,0.3
7443,0.3
7444,0.3
7445,0.3
7446,0.5
7447,0.8999999999999999
7448,0.7
7449,0.3
7450,0.3
7451,0.3
7452,0.3
7453,0.3
7454,0.3
7455,0.3
7456,0.3
7457,0.7
7458,0.8999999999999999
7459,0.8999999999999999
7460,0.8999999999999999
7461,0.8999999999999999
7462,0.5
7463,0.3
7464,0.3
7465,0.3
7466,0.3
7467,0.3
7468,0.3
7469,0.3
7470,0.5
7471,0.8999999999999999
7472,0.7
7473,0.3
7474,0.3
7475,0.3
7476,0.3
7477,0.3
7478,0.3
7479,0.3
7480,0.3
7481,0.7
7482,0.8999999999999999
7483,0.8999999999999999
7484,0.8999999999999999
7485,0.8999999999999999
7486,0.5
7487,0.3
7488,0.3
7489,0.3
7490,0.3
7491,0.3
7492,0.3
7493,0.3
7494,0.5
7495,0.8999999999999999
7496,0.7
7497,0.3
7498,0.3
7499,0.3
7500,0.3
7501,0.3
7502,0.3
7503,0.3
7504,0.3
7505,0.7
7506,0.8999999999999999
7507,0.8999999999999999
7508,0.8999999999999999
7509,0.8999999999999999
7510,0.5
7511,0.3
7512,0.3
7513,0.3
7514,0.3
7515,0.3
7516,0.3
7517,0.3
7518,0.5
7519,0.5
7520,0.3
7521,0.6
7522,0.6
7523,0.6
7524,0.6
7525,0.6
7526,0.6
7527,0.6
7528,0.6
7529,0.6
7530,0.8
7531,0.8
7532,0.8
7533,0.8
7534,0.8
7535,0.3
7536,0.3
7537,0.3
7538,0.3
7539,0.3
7540,0.3
7541,0.3
7542,0.5
7543,0.5
7544,0.3
7545,0.6
7546,0.6
7547,0.6
7548,0.6
7549,0.6
7550,0.6
7551,0.6
7552,0.6
7553,0.6
7554,0.8
7555,0.8
7556,0.8
7557,0.8
7558,0.8
7559,0.3
7560,0.3
7561,0.3
7562,0.3
7563,0.3
7564,0.3
7565,0.3
7566,0.5
7567,0.8999999999999999
7568,0.7
7569,0.3
7570,0.3
7571,0.3
7572,0.3
7573,0.3
7574,0.3
7575,0.3
7576,0.3
7577,0.7
7578,0.8999999999999999
7579,0.8999999999999999
7580,0.8999999999999999
7581,0.8999999999999999
7582,0.5
7583,0.3
7584,0.3
7585,0.3
7586,0.3
7587,0.3
7588,0.3
7589,0.3
7590,0.5
7591,0.8999999999999999
7592,0.7
7593,0.3
7594,0.3
7595,0.3
7596,0.3
7597,0.3
7598,0.3
7599,0.3
7600,0.3
7601,0.7
7602,0.8999999999999999
7603,0.8999999999999999
7604,0.8999999999999999
7605,0.8999999999999999
7606,0.5
7607,0.3
7608,0.3
7609,0.3
7610,0.3
7611,0.3
7612,0.3
7613,0.3
7614,0.5
7615,0.8999999999999999
7616,0.7
7617,0.3
7618,0.3
7619,0.3
7620,0.3
7621,0.3
7622,0.3
7623,0.3
7624,0.3
7625,0.7
7626,0.8999999999999999
7627,0.8999999999999999
7628,0.8999999999999999
7629,0.8999999999999999
7630,0.5
7631,0.3
7632,0.3
7633,0.3
7634,0.3
7635,0.3
7636,0.3
7637,0.3
7638,0.5
7639,0.8999999999999999
7640,0.7
7641,0.3
7642,0.3
7643,0.3
7644,0.3
7645,0.3
7646,0.3
7647,0.3
7648,0.3
7649,0.7
7650,0.8999999999999999
7651,0.8999999999999999
7652,0.8999999999999999
7653,0.8999999999999999
7654,0.5
7655,0.3
7656,0.3
7657,0.3
7658,0.3
7659,0.3
7660,0.3
7661,0.3
7662,0.5
7663,0.8999999999999999
7664,0.7
7665,0.3
7666,0.3
7667,0.3
7668,0.3
7669,0.3
7670,0.3
7671,0.3
7672,0.3
7673,0.7
7674,0.8999999999999999
7675,0.8999999999999999
7676,0.8999999999999999
7677,0.8999999999999999
7678,0.5
7679,0.3
7680,0.3
7681,0.3
7682,0.3
7683,0.3
7684,0.3
7685,0.3
7686,0.5
7687,0.5
7688,0.3
7689,0.6
7690,0.6
7691,0.6
7692,0.6
7693,0.6
7694,0.6
7695,0.6
7696,0.6
7697,0.6
7698,0.8
7699,0.8
7700,0.8
7701,0.8
7702,0.8
7703,0.3
7704,0.3
7705,0.3
7706,0.3
7707,0.3
7708,0.3
7709,0.3
7710,0.5
7711,0.5
7712,0.3
7713,0.6
7714,0.6
7715,0.6
7716,0.6
7717,0.6
7718,0.6
7719,0.6
7720,0.6
7721,0.6
7722,0.8
7723,0.8
7724,0.8
7725,0.8
7726,0.8
7727,0.3
7728,0.3
7729,0.3
7730,0.3
7731,0.3
7732,0.3
7733,0.3
7734,0.5
7735,0.8999999999999999
7736,0.7
7737,0.3
7738,0.3
7739,0.3
7740,0.3
7741,0.3
7742,0.3
7743,0.3
7744,0.3
7745,0.7
7746,0.8999999999999999
7747,0.8999999999999999
7748,0.8999999999999999
7749,0.8999999999999999
7750,0.5
7751,0.3
7752,0.3
7753,0.3
7754,0.3
7755,0.3
7756,0.3
7757,0.3
7758,0.5
7759,0.8999999999999999
7760,0.7
7761,0.3
7762,0.3
7763,0.3
7764,0.3
7765,0.3
7766,0.3
7767,0.3
7768,0.3
7769,0.7
7770,0.8999999999999999
7771,0.8999999999999999
7772,0.8999999999999999
7773,0.8999999999999999
7774,0.5
7775,0.3
7776,0.3
7777,0.3
7778,0.3
7779,0.3
7780,0.3
7781,0.3
7782,0.5
7783,0.8999999999999999
7784,0.7
7785,0.3
7786,0.3
7787,0.3
7788,0.3
7789,0.3
7790,0.3
7791,0.3
7792,0.3
7793,0.7
7794,0.8999999999999999
7795,0.8999999999999999
7796,0.8999999999999999
7797,0.8999999999999999
7798,0.5
7799,0.3
7800,0.3
7801,0.3
7802,0.3
7803,0.3
7804,0.3
7805,0.3
7806,0.5
7807,0.8999999999999999
7808,0.7
7809,0.3
7810,0.3
7811,0.3
7812,0.3
7813,0.3
7814,0.3
7815,0.3
7816,0.3
7817,0.7
7818,0.8999999999999999
7819,0.8999999999999999
7820,0.8999999999999999
7821,0.8999999999999999
7822,0.5
7823,0.3
7824,0.3
7825,0.3
7826,0.3
7827,0.3
7828,0.3
7829,0.3
7830,0.5
7831,0.8999999999999999
7832,0.7
7833,0.3
7834,0.3
7835,0.3
7836,0.3
7837,0.3
7838,0.3
7839,0.3
7840,0.3
7841,0.7
7842,0.8999999999999999
7843,0.8999999999999999
7844,0.8999999999999999
7845,0.8999999999999999
7846,0.5
7847,0.3
7848,0.3
7849,0.3
7850,0.3
7851,0.3
7852,0.3
7853,0.3
7854,0.5
7855,0.5
7856,0.3
7857,0.6
7858,0.6
7859,0.6
7860,0.6
7861,0.6
7862,0.6
7863,0.6
7864,0.6
7865,0.6
7866,0.8
7867,0.8
7868,0.8
7869,0.8
7870,0.8
7871,0.3
7872,0.3
7873,0.3
7874,0.3
7875,0.3
7876,0.3
7877,0.3
7878,0.5
7879,0.5
7880,0.3
7881,0.6
7882,0.6
7883,0.6
7884,0.6
7885,0.6
7886,0.6
7887,0.6
7888,0.6
7889,0.6
7890,0.8
7891,0.8
7892,0.8
7893,0.8
7894,0.8
7895,0.3
7896,0.3
7897,0.3
7898,0.3
7899,0.3
7900,0.3
7901,0.3
7902,0.5
7903,0.8999999999999999
7904,0.7
7905,0.3
7906,0.3
7907,0.3
7908,0.3
7909,0.3
7910,0.3
7911,0.3
7912,0.3
7913,0.7
7914,0.8999999999999999
7915,0.8999999999999999
7916,0.8999999999999999
7917,0.8999999999999999
7918,0.5
7919,0.3
7920,0.3
7921,0.3
7922,0.3
7923,0.3
7924,0.3
7925,0.3
7926,0.5
7927,0.8999999999999999
7928,0.7
7929,0.3
7930,0.3
7931,0.3
7932,0.3
7933,0.3
7934,0.3
7935,0.3
7936,0.3
7937,0.7
7938,0.8999999999999999
7939,0.8999999999999999
7940,0.8999999999999999
7941,0.8999999999999999
7942,0.5
7943,0.3
7944,0.3
7945,0.3
7946,0.3
7947,0.3
7948,0.3
7949,0.3
7950,0.5
7951,0.8999999999999999
7952,0.7
7953,0.3
7954,0.3
7955,0.3
7956,0.3
7957,0.3
7958,0.3
7959,0.3
7960,0.3
7961,0.7
7962,0.8999999999999999
7963,0.8999999999999999
7964,0.8999999999999999
7965,0.8999999999999999
7966,0.5
7967,0.3
7968,0.3
7969,0.3
7970,0.3
7971,0.3
7972,0.3
7973,0.3
7974,0.5
7975,0.8999999999999999
7976,0.7
7977,0.3
7978,0.3
7979,0.3
7980,0.3
7981,0.3
7982,0.3
7983,0.3
7984,0.3
7985,0.7
7986,0.8999999999999999
7987,0.8999999999999999
7988,0.8999999999999999
7989,0.8999999999999999
7990,0.5
7991,0.3
7992,0.3
7993,0.3
7994,0.3
7995,0.3
7996,0.3
7997,0.3
7998,0.5
7999,0.8999999999999999
8000,0.7
8001,0.3
8002,0.3
8003,0.3
8004,0.3
8005,0.3
8006,0.3
8007,0.3
8008,0.3
8009,0.7
8010,0.8999999999999999
8011,0.8999999999999999
8012,0.8999999999999999
8013,0.8999999999999999
8014,0.5
8015,0.3
8016,0.3
8017,0.3
8018,0.3
8019,0.3
8020,0.3
8021,0.3
8022,0.5
8023,0.5
8024,0.3
8025,0.6
8026,0.6
8027,0.6
8028,0.6
8029,0.6
8030,0.6
8031,0.6
8032,0.6
8033,0.6
8034,0.8
8035,0.8
8036,0.8
8037,0.8
8038,0.8
8039,0.3
8040,0.3
8041,0.3
8042,0.3
8043,0.3
8044,0.3
8045,0.3
8046,0.5
8047,0.5
8048,0.3
8049,0.6
8050,0.6
8051,0.6
8052,0.6
8053,0.6
8054,0.6
8055,0.6
8056,0.6
8057,0.6
8058,0.8
8059,0.8
8060,0.8
8061,0.8
8062,0.8
8063,0.3
8064,0.3
8065,0.3
8066,0.3
8067,0.3
8068,0.3
8069,0.3
8070,0.5
8071,0.8999999999999999
8072,0.7
8073,0.3
8074,0.3
8075,0.3
8076,0.3
8077,0.3
8078,0.3
8079,0.3
8080,0.3
8081,0.7
8082,0.8999999999999999
8083,0.8999999999999999
8084,0.8999999999999999
8085,0.8999999999999999
8086,0.5
8087,0.3
8088,0.3
8089,0.3
8090,0.3
8091,0.3
8092,0.3
8093,0.3
8094,0.5
8095,0.8999999999999999
8096,0.7
8097,0.3
8098,0.3
8099,0.3
8100,0.3
8101,0.3
8102,0.3
8103,0.3
8104,0.3
8105,0.7
8106,0.8999999999999999
8107,0.8999999999999999
8108,0.8999999999999999
8109,0.8999999999999999
8110,0.5
8111,0.3
8112,0.3
8113,0.3
8114,0.3
8115,0.3
8116,0.3
8117,0.3
8118,0.5
8119,0.8999999999999999
8120,0.7
8121,0.3
8122,0.3
8123,0.3
8124,0.3
8125,0.3
8126,0.3
8127,0.3
8128,0.3
8129,0.7
8130,0.8999999999999999
8131,0.8999999999999999
8132,0.8999999999999999
8133,0.8999999999999999
8134,0.5
8135,0.3
8136,0.3
8137,0.3
8138,0.3
8139,0.3
8140,0.3
8141,0.3
8142,0.5
8143,0.8999999999999999
8144,0.7
8145,0.3
8146,0.3
8147,0.3
8148,0.3
8149,0.3
8150,0.3
8151,0.3
8152,0.3
8153,0.7
8154,0.8999999999999999
8155,0.8999999999999999
8156,0.8999999999999999
8157,0.8999999999999999
8158,0.5
8159,0.3
8160,0.3
8161,0.3
8162,0.3
8163,0.3
8164,0.3
8165,0.3
8166,0.5
8167,0.8999999999999999
8168,0.7
8169,0.3
8170,0.3
8171,0.3
8172,0.3
8173,0.3
8174,0.3
8175,0.3
8176,0.3
8177,0.7
8178,0.8999999999999999
8179,0.8999999999999999
8180,0.8999999999999999
8181,0.8999999999999999
8182,0.5
8183,0.3
8184,0.3
8185,0.3
8186,0.3
8187,0.3
8188,0.3
8189,0.3
8190,0.5
8191,0.5
8192,0.3
8193,0.6
8194,0.6
8195,0.6
8196,0.6
8197,0.6
8198,0.6
8199,0.6
8200,0.6
8201,0.6
8202,0.8
8203,0.8
8204,0.8
8205,0.8
8206,0.8
8207,0.3
8208,0.3
8209,0.3
8210,0.3
8211,0.3
8212,0.3
8213,0.3
8214,0.5
8215,0.5
8216,0.3
8217,0.6
8218,0.6
8219,0.6
8220,0.6
8221,0.6
8222,0.6
8223,0.6
8224,0.6
8225,0.6
8226,0.8
8227,0.8
8228,0.8
8229,0.8
8230,0.8
8231,0.3
8232,0.3
8233,0.3
8234,0.3
8235,0.3
8236,0.3
8237,0.3
8238,0.5
8239,0.8999999999999999
8240,0.7
8241,0.3
8242,0.3
8243,0.3
8244,0.3
8245,0.3
8246,0.3
8247,0.3
8248,0.3
8249,0.7
8250,0.8999999999999999
8251,0.8999999999999999
8252,0.8999999999999999
8253,0.8999999999999999
8254,0.5
8255,0.3
8256,0.3
8257,0.3
8258,0.3
8259,0.3
8260,0.3
8261,0.3
8262,0.5
8263,0.8999999999999999
8264,0.7
8265,0.3
8266,0.3
8267,0.3
8268,0.3
8269,0.3
8270,0.3
8271,0.3
8272,0.3
8273,0.7
8274,0.8999999999999999
8275,0.8999999999999999
8276,0.8999999999999999
8277,0.8999999999999999
8278,0.5
8279,0.3
8280,0.3
8281,0.3
8282,0.3
8283,0.3
8284,0.3
8285,0.3
8286,0.5
8287,0.8999999999999999
8288,0.7
8289,0.3
8290,0.3
8291,0.3
8292,0.3
8293,0.3
8294,0.3
8295,0.3
8296,0.3
8297,0.7
8298,0.8999999999999999
8299,0.8999999999999999
8300,0.8999999999999999
8301,0.8999999999999999
8302,0.5
8303,0.3
8304,0.3
8305,0.3
8306,0.3
8307,0.3
8308,0.3
8309,0.3
8310,0.5
8311,0.8999999999999999
8312,0.7
8313,0.3
8314,0.3
8315,0.3
8316,0.3
8317,0.3
8318,0.3
8319,0.3
8320,0.3
8321,0.7
8322,0.8999999999999999
8323,0.8999999999999999
8324,0.8999999999999999
8325,0.8999999999999999
8326,0.5
8327,0.3
8328,0.3
8329,0.3
8330,0.3
8331,0.3
8332,0.3
8333,0.3
8334,0.5
8335,0.8999999999999999
8336,0.7
8337,0.3
8338,0.3
8339,0.3
8340,0.3
8341,0.3
8342,0.3
8343,0.3
8344,0.3
8345,0.7
8346,0.8999999999999999
8347,0.8999999999999999
8348,0.8999999999999999
8349,0.8999999999999999
8350,0.5
8351,0.3
8352,0.3
8353,0.3
8354,0.3
8355,0.3
8356,0.3
8357,0.3
8358,0.5
8359,0.5
8360,0.3
8361,0.6
8362,0.6
8363,0.6
8364,0.6
8365,0.6
8366,0.6
8367,0.6
8368,0.6
8369,0.6
8370,0.8
8371,0.8
8372,0.8
8373,0.8
8374,0.8
8375,0.3
8376,0.3
8377,0.3
8378,0.3
8379,0.3
8380,0.3
8381,0.3
8382,0.5
8383,0.5
8384,0.3
8385,0.6
8386,0.6
8387,0.6
8388,0.6
8389,0.6
8390,0.6
8391,0.6
8392,0.6
8393,0.6
8394,0.8
8395,0.8
8396,0.8
8397,0.8
8398,0.8
8399,0.3
8400,0.3
8401,0.3
8402,0.3
8403,0.3
8404,0.3
8405,0.3
8406,0.5
8407,0.8999999999999999
8408,0.7
8409,0.3
8410,0.3
8411,0.3
8412,0.3
8413,0.3
8414,0.3
8415,0.3
8416,0.3
8417,0.7
8418,0.8999999999999999
8419,0.8999999999999999
8420,0.8999999999999999
8421,0.8999999999999999
8422,0.5
8423,0.3
8424,0.3
8425,0.3
8426,0.3
8427,0.3
8428,0.3
8429,0.3
8430,0.5
8431,0.8999999999999999
8432,0.7
8433,0.3
8434,0.3
8435,0.3
8436,0.3
8437,0.3
8438,0.3
8439,0.3
8440,0.3
8441,0.7
8442,0.8999999999999999
8443,0.8999999999999999
8444,0.8999999999999999
8445,0.8999999999999999
8446,0.5
8447,0.3
8448,0.3
8449,0.3
8450,0.3
8451,0.3
8452,0.3
8453,0.3
8454,0.5
8455,0.8999999999999999
8456,0.7
8457,0.3
8458,0.3
8459,0.3
8460,0.3
8461,0.3
8462,0.3
8463,0.3
8464,0.3
8465,0.7
8466,0.8999999999999999
8467,0.8999999999999999
8468,0.8999999999999999
8469,0.8999999999999999
8470,0.5
8471,0.3
8472,0.3
8473,0.3
8474,0.3
8475,0.3
8476,0.3
8477,0.3
8478,0.5
8479,0.8999999999999999
8480,0.7
8481,0.3
8482,0.3
8483,0.3
8484,0.3
8485,0.3
8486,0.3
8487,0.3
8488,0.3
8489,0.7
8490,0.8999999999999999
8491,0.8999999999999999
8492,0.8999999999999999
8493,0.8999999999999999
8494,0.5
8495,0.3
8496,0.3
8497,0.3
8498,0.3
8499,0.3
8500,0.3
8501,0.3
8502,0.5
8503,0.8999999999999999
8504,0.7
8505,0.3
8506,0.3
8507,0.3
8508,0.3
8509,0.3
8510,0.3
8511,0.3
8512,0.3
8513,0.7
8514,0.8999999999999999
8515,0.8999999999999999
8516,0.8999999999999999
8517,0.8999999999999999
8518,0.5
8519,0.3
8520,0.3
8521,0.3
8522,0.3
8523,0.3
8524,0.3
8525,0.3
8526,0.5
8527,0.5
8528,0.3
8529,0.6
8530,0.6
8531,0.6
8532,0.6
8533,0.6
8534,0.6
8535,0.6
8536,0.6
8537,0.6
8538,0.8
8539,0.8
8540,0.8
8541,0.8
8542,0.8
8543,0.3
8544,0.3
8545,0.3
8546,0.3
8547,0.3
8548,0.3
8549,0.3
8550,0.5
8551,0.5
8552,0.3
8553,0.6
8554,0.6
8555,0.6
8556,0.6
8557,0.6
8558,0.6
8559,0.6
8560,0.6
8561,0.6
8562,0.8
8563,0.8
8564,0.8
8565,0.8
8566,0.8
8567,0.3
8568,0.3
8569,0.3
8570,0.3
8571,0.3
8572,0.3
8573,0.3
8574,0.5
8575,0.8999999999999999
8576,0.7
8577,0.3
8578,0.3
8579,0.3
8580,0.3
8581,0.3
8582,0.3
8583,0.3
8584,0.3
8585,0.7
8586,0.8999999999999999
8587,0.8999999999999999
8588,0.8999999999999999
8589,0.8999999999999999
8590,0.5
8591,0.3
8592,0.3
8593,0.3
8594,0.3
8595,0.3
8596,0.3
8597,0.3
8598,0.5
8599,0.8999999999999999
8600,0.7
8601,0.3
8602,0.3
8603,0.3
8604,0.3
8605,0.3
8606,0.3
8607,0.3
8608,0.3
8609,0.7
8610,0.8999999999999999
8611,0.8999999999999999
8612,0.8999999999999999
8613,0.8999999999999999
8614,0.5
8615,0.3
8616,0.3
8617,0.3
8618,0.3
8619,0.3
8620,0.3
8621,0.3
8622,0.5
8623,0.8999999999999999
8624,0.7
8625,0.3
8626,0.3
8627,0.3
8628,0.3
8629,0.3
8630,0.3
8631,0.3
8632,0.3
8633,0.7
8634,0.8999999999999999
8635,0.8999999999999999
8636,0.8999999999999999
8637,0.8999999999999999
8638,0.5
8639,0.3
8640,0.3
8641,0.3
8642,0.3
8643,0.3
8644,0.3
8645,0.3
8646,0.5
8647,0.8999999999999999
8648,0.7
8649,0.3
8650,0.3
8651,0.3
8652,0.3
8653,0.3
8654,0.3
8655,0.3
8656,0.3
8657,0.7
8658,0.8999999999999999
8659,0.8999999999999999
8660,0.8999999999999999
8661,0.8999999999999999
8662,0.5
8663,0.3
8664,0.3
8665,0.3
8666,0.3
8667,0.3
8668,0.3
8669,0.3
8670,0.5
8671,0.8999999999999999
8672,0.7
8673,0.3
8674,0.3
8675,0.3
8676,0.3
8677,0.3
8678,0.3
8679,0.3
8680,0.3
8681,0.7
8682,0.8999999999999999
8683,0.8999999999999999
8684,0.8999999999999999
8685,0.8999999999999999
8686,0.5
8687,0.3
8688,0.3
8689,0.3
8690,0.3
8691,0.3
8692,0.3
8693,0.3
8694,0.5
8695,0.5
8696,0.3
8697,0.6
8698,0.6
8699,0.6
8700,0.6
8701,0.6
8702,0.6
8703,0.6
8704,0.6
8705,0.6
8706,0.8
8707,0.8
8708,0.8
8709,0.8
8710,0.8
8711,0.3
8712,0.3
8713,0.3
8714,0.3
8715,0.3
8716,0.3
8717,0.3
8718,0.5
8719,0.5
8720,0.3
8721,0.6
8722,0.6
8723,0.6
8724,0.6
8725,0.6
8726,0.6
8727,0.6
8728,0.6
8729,0.6
8730,0.8
8731,0.8
8732,0.8
8733,0.8
8734,0.8
8735,0.3
8736,0.3
8737,0.3
8738,0.3
8739,0.3
8740,0.3
8741,0.3
8742,0.5
8743,0.8999999999999999
8744,0.7
8745,0.3
8746,0.3
8747,0.3
8748,0.3
8749,0.3
8750,0.3
8751,0.3
8752,0.3
8753,0.7
8754,0.8999999999999999
8755,0.8999999999999999
8756,0.8999999999999999
8757,0.8999999999999999
8758,0.5
8759,0.3
